cohort,condition,task_id,initial_state_id,environment_seed,inference_seed,success_at_280,success_step,executed_env_steps,model_invocations,model_inference_time_s,wall_time_to_terminal_s,generated_actions,unused_actions,horizon_tail_discarded_actions,trigger_tail_discarded_actions,terminal_tail_unused_actions,chunk_utilization,mean_actual_horizon,range_violations,trigger_range_violations,gripper_only_range_violations,range_clips,git_sha,source_episode_json
development,Adaptive-v1,0,0,1000,7291560000556540053,1,76,76,4,10.962010440000086,45.23783967700001,200,124,120,0,4,0.38,19.0,36,0,36,0,b5cbf91a7c1a47ac48b7d30ed318ecd2ea252d1a,/home/xinrui_shen/vla/runs/parity-hardening/h20-paired-100-b5cbf91-20260827/episodes/adaptive-h20-to-h1/task_00_seed_1000_state_0.json
development,Adaptive-v1,0,1,1001,5423831692597276035,0,,280,14,8.880849602000126,75.32026284599942,700,420,420,0,0,0.4,20.0,39,0,39,0,b5cbf91a7c1a47ac48b7d30ed318ecd2ea252d1a,/home/xinrui_shen/vla/runs/parity-hardening/h20-paired-100-b5cbf91-20260827/episodes/adaptive-h20-to-h1/task_00_seed_1001_state_1.json
development,Adaptive-v1,0,2,1002,2375001413206966694,0,,280,16,9.664200938001159,76.17866054800015,800,520,499,18,3,0.35,17.5,54,1,53,0,b5cbf91a7c1a47ac48b7d30ed318ecd2ea252d1a,/home/xinrui_shen/vla/runs/parity-hardening/h20-paired-100-b5cbf91-20260827/episodes/adaptive-h20-to-h1/task_00_seed_1002_state_2.json
development,Adaptive-v1,0,3,1003,4270611907575412332,1,72,72,4,3.037823842000762,26.932618803999503,200,128,120,0,8,0.36,18.0,37,0,37,0,b5cbf91a7c1a47ac48b7d30ed318ecd2ea252d1a,/home/xinrui_shen/vla/runs/parity-hardening/h20-paired-100-b5cbf91-20260827/episodes/adaptive-h20-to-h1/task_00_seed_1003_state_3.json
development,Adaptive-v1,0,4,1004,839877525152245279,1,69,69,4,3.070107878998897,26.685972272000072,200,131,120,0,11,0.345,17.25,32,0,32,0,b5cbf91a7c1a47ac48b7d30ed318ecd2ea252d1a,/home/xinrui_shen/vla/runs/parity-hardening/h20-paired-100-b5cbf91-20260827/episodes/adaptive-h20-to-h1/task_00_seed_1004_state_4.json
development,Adaptive-v1,1,0,1000,7380877101995076934,1,104,104,6,4.271812757000589,34.95387779799967,300,196,180,0,16,0.3466666666666667,17.333333333333332,18,0,18,0,b5cbf91a7c1a47ac48b7d30ed318ecd2ea252d1a,/home/xinrui_shen/vla/runs/parity-hardening/h20-paired-100-b5cbf91-20260827/episodes/adaptive-h20-to-h1/task_01_seed_1000_state_0.json
development,Adaptive-v1,1,1,1001,785292248529111346,0,,280,16,9.121399910000036,77.67292788099985,800,520,499,3,18,0.35,17.5,96,1,95,0,b5cbf91a7c1a47ac48b7d30ed318ecd2ea252d1a,/home/xinrui_shen/vla/runs/parity-hardening/h20-paired-100-b5cbf91-20260827/episodes/adaptive-h20-to-h1/task_01_seed_1001_state_1.json
development,Adaptive-v1,1,2,1002,8319009757324386309,1,103,103,6,3.420748286000162,33.60199100199952,300,197,180,0,17,0.3433333333333333,17.166666666666668,26,0,26,0,b5cbf91a7c1a47ac48b7d30ed318ecd2ea252d1a,/home/xinrui_shen/vla/runs/parity-hardening/h20-paired-100-b5cbf91-20260827/episodes/adaptive-h20-to-h1/task_01_seed_1002_state_2.json
development,Adaptive-v1,1,3,1003,6993734918692727842,1,91,91,5,2.793734554000366,29.975250640000013,250,159,150,0,9,0.364,18.2,23,0,23,0,b5cbf91a7c1a47ac48b7d30ed318ecd2ea252d1a,/home/xinrui_shen/vla/runs/parity-hardening/h20-paired-100-b5cbf91-20260827/episodes/adaptive-h20-to-h1/task_01_seed_1003_state_3.json
development,Adaptive-v1,1,4,1004,4768231714663301246,1,107,107,6,4.286601695001991,35.13600718999987,300,193,180,0,13,0.3566666666666667,17.833333333333332,19,0,19,0,b5cbf91a7c1a47ac48b7d30ed318ecd2ea252d1a,/home/xinrui_shen/vla/runs/parity-hardening/h20-paired-100-b5cbf91-20260827/episodes/adaptive-h20-to-h1/task_01_seed_1004_state_4.json
development,Adaptive-v1,2,0,1000,4405198951258256139,0,,280,14,9.67041600199991,74.38843943699976,700,420,420,0,0,0.4,20.0,34,0,34,0,b5cbf91a7c1a47ac48b7d30ed318ecd2ea252d1a,/home/xinrui_shen/vla/runs/parity-hardening/h20-paired-100-b5cbf91-20260827/episodes/adaptive-h20-to-h1/task_02_seed_1000_state_0.json
development,Adaptive-v1,2,1,1001,4043387461487274640,1,96,96,5,3.4500300729996525,33.21600079500058,250,154,150,0,4,0.384,19.2,33,0,33,0,b5cbf91a7c1a47ac48b7d30ed318ecd2ea252d1a,/home/xinrui_shen/vla/runs/parity-hardening/h20-paired-100-b5cbf91-20260827/episodes/adaptive-h20-to-h1/task_02_seed_1001_state_1.json
development,Adaptive-v1,2,2,1002,9103535555776948696,1,92,92,5,3.5143965779998325,31.8152645149994,250,158,150,0,8,0.368,18.4,17,0,17,0,b5cbf91a7c1a47ac48b7d30ed318ecd2ea252d1a,/home/xinrui_shen/vla/runs/parity-hardening/h20-paired-100-b5cbf91-20260827/episodes/adaptive-h20-to-h1/task_02_seed_1002_state_2.json
development,Adaptive-v1,2,3,1003,2166568339062684596,0,,280,14,8.717036958997596,73.72760450400074,700,420,420,0,0,0.4,20.0,39,0,39,0,b5cbf91a7c1a47ac48b7d30ed318ecd2ea252d1a,/home/xinrui_shen/vla/runs/parity-hardening/h20-paired-100-b5cbf91-20260827/episodes/adaptive-h20-to-h1/task_02_seed_1003_state_3.json
development,Adaptive-v1,2,4,1004,5815502219292240428,1,95,95,5,3.68942397399951,32.88078220399984,250,155,150,0,5,0.38,19.0,21,0,21,0,b5cbf91a7c1a47ac48b7d30ed318ecd2ea252d1a,/home/xinrui_shen/vla/runs/parity-hardening/h20-paired-100-b5cbf91-20260827/episodes/adaptive-h20-to-h1/task_02_seed_1004_state_4.json
development,Adaptive-v1,3,0,1000,872139382400650529,1,81,81,5,3.7488822329996765,30.122811592999824,250,169,150,0,19,0.324,16.2,13,0,13,0,b5cbf91a7c1a47ac48b7d30ed318ecd2ea252d1a,/home/xinrui_shen/vla/runs/parity-hardening/h20-paired-100-b5cbf91-20260827/episodes/adaptive-h20-to-h1/task_03_seed_1000_state_0.json
development,Adaptive-v1,3,1,1001,8367772792250325226,1,80,80,4,2.279959592998239,28.54112271700069,200,120,120,0,0,0.4,20.0,20,0,20,0,b5cbf91a7c1a47ac48b7d30ed318ecd2ea252d1a,/home/xinrui_shen/vla/runs/parity-hardening/h20-paired-100-b5cbf91-20260827/episodes/adaptive-h20-to-h1/task_03_seed_1001_state_1.json
development,Adaptive-v1,3,2,1002,6816212165976561234,0,,280,14,8.891623873000754,80.05183389000013,700,420,420,0,0,0.4,20.0,76,0,76,0,b5cbf91a7c1a47ac48b7d30ed318ecd2ea252d1a,/home/xinrui_shen/vla/runs/parity-hardening/h20-paired-100-b5cbf91-20260827/episodes/adaptive-h20-to-h1/task_03_seed_1002_state_2.json
development,Adaptive-v1,3,3,1003,547466004784815430,0,,280,14,8.051413523999145,78.52575507700021,700,420,420,0,0,0.4,20.0,65,0,65,0,b5cbf91a7c1a47ac48b7d30ed318ecd2ea252d1a,/home/xinrui_shen/vla/runs/parity-hardening/h20-paired-100-b5cbf91-20260827/episodes/adaptive-h20-to-h1/task_03_seed_1003_state_3.json
development,Adaptive-v1,3,4,1004,7323120285149477339,1,80,80,4,2.816353780001009,28.79291542699957,200,120,120,0,0,0.4,20.0,17,0,17,0,b5cbf91a7c1a47ac48b7d30ed318ecd2ea252d1a,/home/xinrui_shen/vla/runs/parity-hardening/h20-paired-100-b5cbf91-20260827/episodes/adaptive-h20-to-h1/task_03_seed_1004_state_4.json
development,Adaptive-v1,4,0,1000,8513169697475700089,1,122,122,7,4.872000035001292,42.925438514000234,350,228,210,0,18,0.3485714285714286,17.428571428571427,42,0,42,0,b5cbf91a7c1a47ac48b7d30ed318ecd2ea252d1a,/home/xinrui_shen/vla/runs/parity-hardening/h20-paired-100-b5cbf91-20260827/episodes/adaptive-h20-to-h1/task_04_seed_1000_state_0.json
development,Adaptive-v1,4,1,1001,3469257450944538572,0,,280,14,7.55007511400072,79.78452660400035,700,420,420,0,0,0.4,20.0,72,0,72,0,b5cbf91a7c1a47ac48b7d30ed318ecd2ea252d1a,/home/xinrui_shen/vla/runs/parity-hardening/h20-paired-100-b5cbf91-20260827/episodes/adaptive-h20-to-h1/task_04_seed_1001_state_1.json
development,Adaptive-v1,4,2,1002,5572084660172881480,1,128,128,7,4.797238330000255,44.05862411199996,350,222,210,0,12,0.3657142857142857,18.285714285714285,47,0,47,0,b5cbf91a7c1a47ac48b7d30ed318ecd2ea252d1a,/home/xinrui_shen/vla/runs/parity-hardening/h20-paired-100-b5cbf91-20260827/episodes/adaptive-h20-to-h1/task_04_seed_1002_state_2.json
development,Adaptive-v1,4,3,1003,402975405451108653,0,,280,14,7.9971883529997285,81.04027649300042,700,420,420,0,0,0.4,20.0,71,0,71,0,b5cbf91a7c1a47ac48b7d30ed318ecd2ea252d1a,/home/xinrui_shen/vla/runs/parity-hardening/h20-paired-100-b5cbf91-20260827/episodes/adaptive-h20-to-h1/task_04_seed_1003_state_3.json
development,Adaptive-v1,4,4,1004,8905480769858965570,1,127,127,7,4.420175265999205,43.8049972179997,350,223,210,0,13,0.3628571428571429,18.142857142857142,22,0,22,0,b5cbf91a7c1a47ac48b7d30ed318ecd2ea252d1a,/home/xinrui_shen/vla/runs/parity-hardening/h20-paired-100-b5cbf91-20260827/episodes/adaptive-h20-to-h1/task_04_seed_1004_state_4.json
development,Adaptive-v1,5,0,1000,6660030712243819836,0,,280,14,8.852003242999672,84.88660103799975,700,420,420,0,0,0.4,20.0,32,0,32,0,b5cbf91a7c1a47ac48b7d30ed318ecd2ea252d1a,/home/xinrui_shen/vla/runs/parity-hardening/h20-paired-100-b5cbf91-20260827/episodes/adaptive-h20-to-h1/task_05_seed_1000_state_0.json
development,Adaptive-v1,5,1,1001,9089024622675674847,0,,280,16,9.432270214999335,86.9706325520001,800,520,499,19,2,0.35,17.5,44,1,43,0,b5cbf91a7c1a47ac48b7d30ed318ecd2ea252d1a,/home/xinrui_shen/vla/runs/parity-hardening/h20-paired-100-b5cbf91-20260827/episodes/adaptive-h20-to-h1/task_05_seed_1001_state_1.json
development,Adaptive-v1,5,2,1002,6434700622396312420,0,,280,14,8.629376764999506,91.09515054399981,700,420,420,0,0,0.4,20.0,74,0,74,0,b5cbf91a7c1a47ac48b7d30ed318ecd2ea252d1a,/home/xinrui_shen/vla/runs/parity-hardening/h20-paired-100-b5cbf91-20260827/episodes/adaptive-h20-to-h1/task_05_seed_1002_state_2.json
development,Adaptive-v1,5,3,1003,6050195505808188584,0,,280,16,9.130786195000837,87.70421901600002,800,520,499,18,3,0.35,17.5,39,1,38,0,b5cbf91a7c1a47ac48b7d30ed318ecd2ea252d1a,/home/xinrui_shen/vla/runs/parity-hardening/h20-paired-100-b5cbf91-20260827/episodes/adaptive-h20-to-h1/task_05_seed_1003_state_3.json
development,Adaptive-v1,5,4,1004,148506301758857801,0,,280,14,8.455840612999054,88.80256088799979,700,420,420,0,0,0.4,20.0,66,0,66,0,b5cbf91a7c1a47ac48b7d30ed318ecd2ea252d1a,/home/xinrui_shen/vla/runs/parity-hardening/h20-paired-100-b5cbf91-20260827/episodes/adaptive-h20-to-h1/task_05_seed_1004_state_4.json
development,Adaptive-v1,6,0,1000,6997229937442983994,1,97,97,7,4.310145729999931,37.61851195999952,350,253,229,19,5,0.27714285714285714,13.857142857142858,20,1,19,0,b5cbf91a7c1a47ac48b7d30ed318ecd2ea252d1a,/home/xinrui_shen/vla/runs/parity-hardening/h20-paired-100-b5cbf91-20260827/episodes/adaptive-h20-to-h1/task_06_seed_1000_state_0.json
development,Adaptive-v1,6,1,1001,1260626615688585010,0,,280,14,8.784485460000724,85.49276847100009,700,420,420,0,0,0.4,20.0,65,0,65,0,b5cbf91a7c1a47ac48b7d30ed318ecd2ea252d1a,/home/xinrui_shen/vla/runs/parity-hardening/h20-paired-100-b5cbf91-20260827/episodes/adaptive-h20-to-h1/task_06_seed_1001_state_1.json
development,Adaptive-v1,6,2,1002,589902366963284891,1,102,102,8,4.355735427997388,37.44765984999958,400,298,278,19,1,0.255,12.75,20,2,18,0,b5cbf91a7c1a47ac48b7d30ed318ecd2ea252d1a,/home/xinrui_shen/vla/runs/parity-hardening/h20-paired-100-b5cbf91-20260827/episodes/adaptive-h20-to-h1/task_06_seed_1002_state_2.json
development,Adaptive-v1,6,3,1003,8109541093867328847,1,101,101,6,3.889065192999624,37.23906670799988,300,199,180,0,19,0.33666666666666667,16.833333333333332,35,0,35,0,b5cbf91a7c1a47ac48b7d30ed318ecd2ea252d1a,/home/xinrui_shen/vla/runs/parity-hardening/h20-paired-100-b5cbf91-20260827/episodes/adaptive-h20-to-h1/task_06_seed_1003_state_3.json
development,Adaptive-v1,6,4,1004,6634218549427139172,1,94,94,5,2.9982853179990343,34.54136671499964,250,156,150,0,6,0.376,18.8,30,0,30,0,b5cbf91a7c1a47ac48b7d30ed318ecd2ea252d1a,/home/xinrui_shen/vla/runs/parity-hardening/h20-paired-100-b5cbf91-20260827/episodes/adaptive-h20-to-h1/task_06_seed_1004_state_4.json
development,Adaptive-v1,7,0,1000,5560803851283768854,1,113,113,6,4.513123876998179,43.429841797000336,300,187,180,0,7,0.37666666666666665,18.833333333333332,30,0,30,0,b5cbf91a7c1a47ac48b7d30ed318ecd2ea252d1a,/home/xinrui_shen/vla/runs/parity-hardening/h20-paired-100-b5cbf91-20260827/episodes/adaptive-h20-to-h1/task_07_seed_1000_state_0.json
development,Adaptive-v1,7,1,1001,5089618222436797426,1,109,109,6,4.19647178500054,41.391625067999485,300,191,180,0,11,0.36333333333333334,18.166666666666668,18,0,18,0,b5cbf91a7c1a47ac48b7d30ed318ecd2ea252d1a,/home/xinrui_shen/vla/runs/parity-hardening/h20-paired-100-b5cbf91-20260827/episodes/adaptive-h20-to-h1/task_07_seed_1001_state_1.json
development,Adaptive-v1,7,2,1002,1975631248050398168,1,112,112,6,4.22012402600194,42.6922278309994,300,188,180,0,8,0.37333333333333335,18.666666666666668,26,0,26,0,b5cbf91a7c1a47ac48b7d30ed318ecd2ea252d1a,/home/xinrui_shen/vla/runs/parity-hardening/h20-paired-100-b5cbf91-20260827/episodes/adaptive-h20-to-h1/task_07_seed_1002_state_2.json
development,Adaptive-v1,7,3,1003,2168073338465533807,1,112,112,6,4.148728402000415,42.100568531000135,300,188,180,0,8,0.37333333333333335,18.666666666666668,33,0,33,0,b5cbf91a7c1a47ac48b7d30ed318ecd2ea252d1a,/home/xinrui_shen/vla/runs/parity-hardening/h20-paired-100-b5cbf91-20260827/episodes/adaptive-h20-to-h1/task_07_seed_1003_state_3.json
development,Adaptive-v1,7,4,1004,7750479823927747336,1,106,106,6,4.126505326998995,40.72917704200063,300,194,180,0,14,0.35333333333333333,17.666666666666668,18,0,18,0,b5cbf91a7c1a47ac48b7d30ed318ecd2ea252d1a,/home/xinrui_shen/vla/runs/parity-hardening/h20-paired-100-b5cbf91-20260827/episodes/adaptive-h20-to-h1/task_07_seed_1004_state_4.json
development,Adaptive-v1,8,0,1000,2480725720429303213,1,89,89,5,3.499613584001054,34.90560885499963,250,161,150,0,11,0.356,17.8,26,0,26,0,b5cbf91a7c1a47ac48b7d30ed318ecd2ea252d1a,/home/xinrui_shen/vla/runs/parity-hardening/h20-paired-100-b5cbf91-20260827/episodes/adaptive-h20-to-h1/task_08_seed_1000_state_0.json
development,Adaptive-v1,8,1,1001,7491216410967156604,1,93,93,5,3.461999857999217,35.46568396099974,250,157,150,0,7,0.372,18.6,27,0,27,0,b5cbf91a7c1a47ac48b7d30ed318ecd2ea252d1a,/home/xinrui_shen/vla/runs/parity-hardening/h20-paired-100-b5cbf91-20260827/episodes/adaptive-h20-to-h1/task_08_seed_1001_state_1.json
development,Adaptive-v1,8,2,1002,6548894511804397145,1,93,93,5,3.477139305999117,35.67861442999947,250,157,150,0,7,0.372,18.6,45,0,45,0,b5cbf91a7c1a47ac48b7d30ed318ecd2ea252d1a,/home/xinrui_shen/vla/runs/parity-hardening/h20-paired-100-b5cbf91-20260827/episodes/adaptive-h20-to-h1/task_08_seed_1002_state_2.json
development,Adaptive-v1,8,3,1003,8744096324536139809,1,216,216,11,7.2670461600018825,71.97844402700048,550,334,330,0,4,0.3927272727272727,19.636363636363637,36,0,36,0,b5cbf91a7c1a47ac48b7d30ed318ecd2ea252d1a,/home/xinrui_shen/vla/runs/parity-hardening/h20-paired-100-b5cbf91-20260827/episodes/adaptive-h20-to-h1/task_08_seed_1003_state_3.json
development,Adaptive-v1,8,4,1004,415862067894842786,0,,280,14,9.387441430000763,89.65816701800031,700,420,420,0,0,0.4,20.0,37,0,37,0,b5cbf91a7c1a47ac48b7d30ed318ecd2ea252d1a,/home/xinrui_shen/vla/runs/parity-hardening/h20-paired-100-b5cbf91-20260827/episodes/adaptive-h20-to-h1/task_08_seed_1004_state_4.json
development,Adaptive-v1,9,0,1000,4032145136358586291,0,,280,14,9.210788463999961,91.55024734899962,700,420,420,0,0,0.4,20.0,43,0,43,0,b5cbf91a7c1a47ac48b7d30ed318ecd2ea252d1a,/home/xinrui_shen/vla/runs/parity-hardening/h20-paired-100-b5cbf91-20260827/episodes/adaptive-h20-to-h1/task_09_seed_1000_state_0.json
development,Adaptive-v1,9,1,1001,1252945996683820954,0,,280,14,8.585025553999913,94.59316377600044,700,420,420,0,0,0.4,20.0,63,0,63,0,b5cbf91a7c1a47ac48b7d30ed318ecd2ea252d1a,/home/xinrui_shen/vla/runs/parity-hardening/h20-paired-100-b5cbf91-20260827/episodes/adaptive-h20-to-h1/task_09_seed_1001_state_1.json
development,Adaptive-v1,9,2,1002,4162912720903608682,1,127,127,7,4.979066106000573,50.556315460000405,350,223,210,0,13,0.3628571428571429,18.142857142857142,32,0,32,0,b5cbf91a7c1a47ac48b7d30ed318ecd2ea252d1a,/home/xinrui_shen/vla/runs/parity-hardening/h20-paired-100-b5cbf91-20260827/episodes/adaptive-h20-to-h1/task_09_seed_1002_state_2.json
development,Adaptive-v1,9,3,1003,4173967112482337571,0,,280,14,8.463488030998633,91.83436879600049,700,420,420,0,0,0.4,20.0,51,0,51,0,b5cbf91a7c1a47ac48b7d30ed318ecd2ea252d1a,/home/xinrui_shen/vla/runs/parity-hardening/h20-paired-100-b5cbf91-20260827/episodes/adaptive-h20-to-h1/task_09_seed_1003_state_3.json
development,Adaptive-v1,9,4,1004,5437976892542091246,1,122,122,7,4.764100058999247,47.753013455000655,350,228,210,0,18,0.3485714285714286,17.428571428571427,47,0,47,0,b5cbf91a7c1a47ac48b7d30ed318ecd2ea252d1a,/home/xinrui_shen/vla/runs/parity-hardening/h20-paired-100-b5cbf91-20260827/episodes/adaptive-h20-to-h1/task_09_seed_1004_state_4.json
development,Static-H1,0,0,1000,7291560000556540053,1,74,74,74,223.34302590000004,311.78147203599997,3700,3626,3626,0,0,0.02,1.0,16,3,13,0,b5cbf91a7c1a47ac48b7d30ed318ecd2ea252d1a,/home/xinrui_shen/vla/runs/parity-hardening/static-h1-original-50-b5cbf91-20260827/episodes/static-h1-original/task_00_seed_1000_state_0.json
development,Static-H1,0,1,1001,5423831692597276035,0,,280,280,264.65837780100037,421.28354932,14000,13720,13720,0,0,0.02,1.0,28,5,23,0,b5cbf91a7c1a47ac48b7d30ed318ecd2ea252d1a,/home/xinrui_shen/vla/runs/parity-hardening/static-h1-original-50-b5cbf91-20260827/episodes/static-h1-original/task_00_seed_1001_state_1.json
development,Static-H1,0,2,1002,2375001413206966694,0,,280,280,671.368783175,869.7207000399999,14000,13720,13720,0,0,0.02,1.0,26,3,23,0,b5cbf91a7c1a47ac48b7d30ed318ecd2ea252d1a,/home/xinrui_shen/vla/runs/parity-hardening/static-h1-original-50-b5cbf91-20260827/episodes/static-h1-original/task_00_seed_1002_state_2.json
development,Static-H1,0,3,1003,4270611907575412332,1,71,71,71,33.96637605500018,83.34043467500032,3550,3479,3479,0,0,0.02,1.0,25,3,22,0,b5cbf91a7c1a47ac48b7d30ed318ecd2ea252d1a,/home/xinrui_shen/vla/runs/parity-hardening/static-h1-original-50-b5cbf91-20260827/episodes/static-h1-original/task_00_seed_1003_state_3.json
development,Static-H1,0,4,1004,839877525152245279,1,67,67,67,46.9589524220014,89.23480516200016,3350,3283,3283,0,0,0.02,1.0,26,2,24,0,b5cbf91a7c1a47ac48b7d30ed318ecd2ea252d1a,/home/xinrui_shen/vla/runs/parity-hardening/static-h1-original-50-b5cbf91-20260827/episodes/static-h1-original/task_00_seed_1004_state_4.json
development,Static-H1,1,0,1000,7380877101995076934,1,105,105,105,62.05520024599946,114.78998891599986,5250,5145,5145,0,0,0.02,1.0,11,0,11,0,b5cbf91a7c1a47ac48b7d30ed318ecd2ea252d1a,/home/xinrui_shen/vla/runs/parity-hardening/static-h1-original-50-b5cbf91-20260827/episodes/static-h1-original/task_01_seed_1000_state_0.json
development,Static-H1,1,1,1001,785292248529111346,1,94,94,94,162.7103996940018,219.86494753199986,4700,4606,4606,0,0,0.02,1.0,7,0,7,0,b5cbf91a7c1a47ac48b7d30ed318ecd2ea252d1a,/home/xinrui_shen/vla/runs/parity-hardening/static-h1-original-50-b5cbf91-20260827/episodes/static-h1-original/task_01_seed_1001_state_1.json
development,Static-H1,1,2,1002,8319009757324386309,1,100,100,100,292.5125300889986,373.7631770840003,5000,4900,4900,0,0,0.02,1.0,18,0,18,0,b5cbf91a7c1a47ac48b7d30ed318ecd2ea252d1a,/home/xinrui_shen/vla/runs/parity-hardening/static-h1-original-50-b5cbf91-20260827/episodes/static-h1-original/task_01_seed_1002_state_2.json
development,Static-H1,1,3,1003,6993734918692727842,0,,280,280,295.49929996399896,459.3200307770003,14000,13720,13720,0,0,0.02,1.0,36,0,36,0,b5cbf91a7c1a47ac48b7d30ed318ecd2ea252d1a,/home/xinrui_shen/vla/runs/parity-hardening/static-h1-original-50-b5cbf91-20260827/episodes/static-h1-original/task_01_seed_1003_state_3.json
development,Static-H1,1,4,1004,4768231714663301246,0,,280,280,163.3603163550083,299.8285523889999,14000,13720,13720,0,0,0.02,1.0,35,0,35,0,b5cbf91a7c1a47ac48b7d30ed318ecd2ea252d1a,/home/xinrui_shen/vla/runs/parity-hardening/static-h1-original-50-b5cbf91-20260827/episodes/static-h1-original/task_01_seed_1004_state_4.json
development,Static-H1,2,0,1000,4405198951258256139,1,99,99,99,72.46478520400069,137.69445315699977,4950,4851,4851,0,0,0.02,1.0,2,0,2,0,b5cbf91a7c1a47ac48b7d30ed318ecd2ea252d1a,/home/xinrui_shen/vla/runs/parity-hardening/static-h1-original-50-b5cbf91-20260827/episodes/static-h1-original/task_02_seed_1000_state_0.json
development,Static-H1,2,1,1001,4043387461487274640,1,103,103,103,76.38308874500262,144.59299976199964,5150,5047,5047,0,0,0.02,1.0,8,0,8,0,b5cbf91a7c1a47ac48b7d30ed318ecd2ea252d1a,/home/xinrui_shen/vla/runs/parity-hardening/static-h1-original-50-b5cbf91-20260827/episodes/static-h1-original/task_02_seed_1001_state_1.json
development,Static-H1,2,2,1002,9103535555776948696,1,91,91,91,157.55051952400163,241.08430509300024,4550,4459,4459,0,0,0.02,1.0,7,0,7,0,b5cbf91a7c1a47ac48b7d30ed318ecd2ea252d1a,/home/xinrui_shen/vla/runs/parity-hardening/static-h1-original-50-b5cbf91-20260827/episodes/static-h1-original/task_02_seed_1002_state_2.json
development,Static-H1,2,3,1003,2166568339062684596,1,96,96,96,124.9419972789974,214.74430472099993,4800,4704,4704,0,0,0.02,1.0,5,0,5,0,b5cbf91a7c1a47ac48b7d30ed318ecd2ea252d1a,/home/xinrui_shen/vla/runs/parity-hardening/static-h1-original-50-b5cbf91-20260827/episodes/static-h1-original/task_02_seed_1003_state_3.json
development,Static-H1,2,4,1004,5815502219292240428,1,105,105,105,61.38715397800479,121.91449233900039,5250,5145,5145,0,0,0.02,1.0,4,0,4,0,b5cbf91a7c1a47ac48b7d30ed318ecd2ea252d1a,/home/xinrui_shen/vla/runs/parity-hardening/static-h1-original-50-b5cbf91-20260827/episodes/static-h1-original/task_02_seed_1004_state_4.json
development,Static-H1,3,0,1000,872139382400650529,1,88,88,88,49.465954135001084,102.1693065239997,4400,4312,4312,0,0,0.02,1.0,21,6,15,0,b5cbf91a7c1a47ac48b7d30ed318ecd2ea252d1a,/home/xinrui_shen/vla/runs/parity-hardening/static-h1-original-50-b5cbf91-20260827/episodes/static-h1-original/task_03_seed_1000_state_0.json
development,Static-H1,3,1,1001,8367772792250325226,1,80,80,80,43.12873851599943,88.60935497699938,4000,3920,3920,0,0,0.02,1.0,18,3,15,0,b5cbf91a7c1a47ac48b7d30ed318ecd2ea252d1a,/home/xinrui_shen/vla/runs/parity-hardening/static-h1-original-50-b5cbf91-20260827/episodes/static-h1-original/task_03_seed_1001_state_1.json
development,Static-H1,3,2,1002,6816212165976561234,1,73,73,73,45.62579374199868,90.83724374199937,3650,3577,3577,0,0,0.02,1.0,18,0,18,0,b5cbf91a7c1a47ac48b7d30ed318ecd2ea252d1a,/home/xinrui_shen/vla/runs/parity-hardening/static-h1-original-50-b5cbf91-20260827/episodes/static-h1-original/task_03_seed_1002_state_2.json
development,Static-H1,3,3,1003,547466004784815430,1,85,85,85,56.09652796400405,111.07029388400042,4250,4165,4165,0,0,0.02,1.0,19,3,16,0,b5cbf91a7c1a47ac48b7d30ed318ecd2ea252d1a,/home/xinrui_shen/vla/runs/parity-hardening/static-h1-original-50-b5cbf91-20260827/episodes/static-h1-original/task_03_seed_1003_state_3.json
development,Static-H1,3,4,1004,7323120285149477339,0,,280,280,194.15182555899355,349.47369848000017,14000,13720,13720,0,0,0.02,1.0,45,4,41,0,b5cbf91a7c1a47ac48b7d30ed318ecd2ea252d1a,/home/xinrui_shen/vla/runs/parity-hardening/static-h1-original-50-b5cbf91-20260827/episodes/static-h1-original/task_03_seed_1004_state_4.json
development,Static-H1,4,0,1000,8513169697475700089,1,123,123,123,89.48883107499842,173.26604437399965,6150,6027,6027,0,0,0.02,1.0,15,0,15,0,b5cbf91a7c1a47ac48b7d30ed318ecd2ea252d1a,/home/xinrui_shen/vla/runs/parity-hardening/static-h1-original-50-b5cbf91-20260827/episodes/static-h1-original/task_04_seed_1000_state_0.json
development,Static-H1,4,1,1001,3469257450944538572,0,,280,280,297.0208049999974,453.9721822040001,14000,13720,13720,0,0,0.02,1.0,39,0,39,0,b5cbf91a7c1a47ac48b7d30ed318ecd2ea252d1a,/home/xinrui_shen/vla/runs/parity-hardening/static-h1-original-50-b5cbf91-20260827/episodes/static-h1-original/task_04_seed_1001_state_1.json
development,Static-H1,4,2,1002,5572084660172881480,1,123,123,123,59.52032251700439,123.63393138599986,6150,6027,6027,0,0,0.02,1.0,25,2,23,0,b5cbf91a7c1a47ac48b7d30ed318ecd2ea252d1a,/home/xinrui_shen/vla/runs/parity-hardening/static-h1-original-50-b5cbf91-20260827/episodes/static-h1-original/task_04_seed_1002_state_2.json
development,Static-H1,4,3,1003,402975405451108653,1,146,146,146,96.26141650399768,186.1170051399995,7300,7154,7154,0,0,0.02,1.0,27,1,26,0,b5cbf91a7c1a47ac48b7d30ed318ecd2ea252d1a,/home/xinrui_shen/vla/runs/parity-hardening/static-h1-original-50-b5cbf91-20260827/episodes/static-h1-original/task_04_seed_1003_state_3.json
development,Static-H1,4,4,1004,8905480769858965570,1,125,125,125,91.17445476399462,179.67952770800002,6250,6125,6125,0,0,0.02,1.0,13,1,12,0,b5cbf91a7c1a47ac48b7d30ed318ecd2ea252d1a,/home/xinrui_shen/vla/runs/parity-hardening/static-h1-original-50-b5cbf91-20260827/episodes/static-h1-original/task_04_seed_1004_state_4.json
development,Static-H1,5,0,1000,6660030712243819836,1,89,89,89,73.47318311899198,151.65623854800015,4450,4361,4361,0,0,0.02,1.0,21,1,20,0,b5cbf91a7c1a47ac48b7d30ed318ecd2ea252d1a,/home/xinrui_shen/vla/runs/parity-hardening/static-h1-original-50-b5cbf91-20260827/episodes/static-h1-original/task_05_seed_1000_state_0.json
development,Static-H1,5,1,1001,9089024622675674847,0,,280,280,189.11121686099432,360.9745489449997,14000,13720,13720,0,0,0.02,1.0,65,0,65,0,b5cbf91a7c1a47ac48b7d30ed318ecd2ea252d1a,/home/xinrui_shen/vla/runs/parity-hardening/static-h1-original-50-b5cbf91-20260827/episodes/static-h1-original/task_05_seed_1001_state_1.json
development,Static-H1,5,2,1002,6434700622396312420,0,,280,280,194.35946185000057,371.68716600900007,14000,13720,13720,0,0,0.02,1.0,44,0,44,0,b5cbf91a7c1a47ac48b7d30ed318ecd2ea252d1a,/home/xinrui_shen/vla/runs/parity-hardening/static-h1-original-50-b5cbf91-20260827/episodes/static-h1-original/task_05_seed_1002_state_2.json
development,Static-H1,5,3,1003,6050195505808188584,0,,280,280,187.69628945400018,364.4793894739996,14000,13720,13720,0,0,0.02,1.0,76,0,76,0,b5cbf91a7c1a47ac48b7d30ed318ecd2ea252d1a,/home/xinrui_shen/vla/runs/parity-hardening/static-h1-original-50-b5cbf91-20260827/episodes/static-h1-original/task_05_seed_1003_state_3.json
development,Static-H1,5,4,1004,148506301758857801,0,,280,280,192.75452411299466,383.0604073249997,14000,13720,13720,0,0,0.02,1.0,81,0,81,0,b5cbf91a7c1a47ac48b7d30ed318ecd2ea252d1a,/home/xinrui_shen/vla/runs/parity-hardening/static-h1-original-50-b5cbf91-20260827/episodes/static-h1-original/task_05_seed_1004_state_4.json
development,Static-H1,6,0,1000,6997229937442983994,1,104,104,104,76.10677709400534,154.62910446200112,5200,5096,5096,0,0,0.02,1.0,25,4,21,0,b5cbf91a7c1a47ac48b7d30ed318ecd2ea252d1a,/home/xinrui_shen/vla/runs/parity-hardening/static-h1-original-50-b5cbf91-20260827/episodes/static-h1-original/task_06_seed_1000_state_0.json
development,Static-H1,6,1,1001,1260626615688585010,0,,280,280,189.84662471800402,366.26011627000116,14000,13720,13720,0,0,0.02,1.0,56,4,52,0,b5cbf91a7c1a47ac48b7d30ed318ecd2ea252d1a,/home/xinrui_shen/vla/runs/parity-hardening/static-h1-original-50-b5cbf91-20260827/episodes/static-h1-original/task_06_seed_1001_state_1.json
development,Static-H1,6,2,1002,589902366963284891,1,100,100,100,68.53020043600372,143.85409148500003,5000,4900,4900,0,0,0.02,1.0,16,4,12,0,b5cbf91a7c1a47ac48b7d30ed318ecd2ea252d1a,/home/xinrui_shen/vla/runs/parity-hardening/static-h1-original-50-b5cbf91-20260827/episodes/static-h1-original/task_06_seed_1002_state_2.json
development,Static-H1,6,3,1003,8109541093867328847,0,,280,280,185.34125529600715,360.7674594479995,14000,13720,13720,0,0,0.02,1.0,51,3,48,0,b5cbf91a7c1a47ac48b7d30ed318ecd2ea252d1a,/home/xinrui_shen/vla/runs/parity-hardening/static-h1-original-50-b5cbf91-20260827/episodes/static-h1-original/task_06_seed_1003_state_3.json
development,Static-H1,6,4,1004,6634218549427139172,1,103,103,103,71.17459869400591,153.23843499299983,5150,5047,5047,0,0,0.02,1.0,23,2,21,0,b5cbf91a7c1a47ac48b7d30ed318ecd2ea252d1a,/home/xinrui_shen/vla/runs/parity-hardening/static-h1-original-50-b5cbf91-20260827/episodes/static-h1-original/task_06_seed_1004_state_4.json
development,Static-H1,7,0,1000,5560803851283768854,1,121,121,121,82.01630621201548,176.7408129129999,6050,5929,5929,0,0,0.02,1.0,16,0,16,0,b5cbf91a7c1a47ac48b7d30ed318ecd2ea252d1a,/home/xinrui_shen/vla/runs/parity-hardening/static-h1-original-50-b5cbf91-20260827/episodes/static-h1-original/task_07_seed_1000_state_0.json
development,Static-H1,7,1,1001,5089618222436797426,1,111,111,111,83.92767083000581,178.04402838400165,5550,5439,5439,0,0,0.02,1.0,4,0,4,0,b5cbf91a7c1a47ac48b7d30ed318ecd2ea252d1a,/home/xinrui_shen/vla/runs/parity-hardening/static-h1-original-50-b5cbf91-20260827/episodes/static-h1-original/task_07_seed_1001_state_1.json
development,Static-H1,7,2,1002,1975631248050398168,0,,280,280,191.77021862399852,386.0648244839995,14000,13720,13720,0,0,0.02,1.0,77,0,77,0,b5cbf91a7c1a47ac48b7d30ed318ecd2ea252d1a,/home/xinrui_shen/vla/runs/parity-hardening/static-h1-original-50-b5cbf91-20260827/episodes/static-h1-original/task_07_seed_1002_state_2.json
development,Static-H1,7,3,1003,2168073338465533807,1,111,111,111,76.03642504201343,167.18520170699958,5550,5439,5439,0,0,0.02,1.0,20,0,20,0,b5cbf91a7c1a47ac48b7d30ed318ecd2ea252d1a,/home/xinrui_shen/vla/runs/parity-hardening/static-h1-original-50-b5cbf91-20260827/episodes/static-h1-original/task_07_seed_1003_state_3.json
development,Static-H1,7,4,1004,7750479823927747336,1,135,135,135,90.69090058398797,195.73969815700002,6750,6615,6615,0,0,0.02,1.0,17,0,17,0,b5cbf91a7c1a47ac48b7d30ed318ecd2ea252d1a,/home/xinrui_shen/vla/runs/parity-hardening/static-h1-original-50-b5cbf91-20260827/episodes/static-h1-original/task_07_seed_1004_state_4.json
development,Static-H1,8,0,1000,2480725720429303213,1,90,90,90,61.43007216100523,136.30514900100025,4500,4410,4410,0,0,0.02,1.0,30,0,30,0,b5cbf91a7c1a47ac48b7d30ed318ecd2ea252d1a,/home/xinrui_shen/vla/runs/parity-hardening/static-h1-original-50-b5cbf91-20260827/episodes/static-h1-original/task_08_seed_1000_state_0.json
development,Static-H1,8,1,1001,7491216410967156604,1,88,88,88,60.23367380799937,134.39183627300008,4400,4312,4312,0,0,0.02,1.0,34,0,34,0,b5cbf91a7c1a47ac48b7d30ed318ecd2ea252d1a,/home/xinrui_shen/vla/runs/parity-hardening/static-h1-original-50-b5cbf91-20260827/episodes/static-h1-original/task_08_seed_1001_state_1.json
development,Static-H1,8,2,1002,6548894511804397145,0,,280,280,196.95517304598434,402.84236560799945,14000,13720,13720,0,0,0.02,1.0,26,0,26,0,b5cbf91a7c1a47ac48b7d30ed318ecd2ea252d1a,/home/xinrui_shen/vla/runs/parity-hardening/static-h1-original-50-b5cbf91-20260827/episodes/static-h1-original/task_08_seed_1002_state_2.json
development,Static-H1,8,3,1003,8744096324536139809,1,85,85,85,54.76678004700261,122.75548782599981,4250,4165,4165,0,0,0.02,1.0,37,0,37,0,b5cbf91a7c1a47ac48b7d30ed318ecd2ea252d1a,/home/xinrui_shen/vla/runs/parity-hardening/static-h1-original-50-b5cbf91-20260827/episodes/static-h1-original/task_08_seed_1003_state_3.json
development,Static-H1,8,4,1004,415862067894842786,0,,280,280,194.23563408500195,403.36283580099916,14000,13720,13720,0,0,0.02,1.0,18,0,18,0,b5cbf91a7c1a47ac48b7d30ed318ecd2ea252d1a,/home/xinrui_shen/vla/runs/parity-hardening/static-h1-original-50-b5cbf91-20260827/episodes/static-h1-original/task_08_seed_1004_state_4.json
development,Static-H1,9,0,1000,4032145136358586291,1,124,124,124,82.30942368298929,183.725179467001,6200,6076,6076,0,0,0.02,1.0,23,1,22,0,b5cbf91a7c1a47ac48b7d30ed318ecd2ea252d1a,/home/xinrui_shen/vla/runs/parity-hardening/static-h1-original-50-b5cbf91-20260827/episodes/static-h1-original/task_09_seed_1000_state_0.json
development,Static-H1,9,1,1001,1252945996683820954,0,,280,280,183.99893601801705,386.03227705300014,14000,13720,13720,0,0,0.02,1.0,27,0,27,0,b5cbf91a7c1a47ac48b7d30ed318ecd2ea252d1a,/home/xinrui_shen/vla/runs/parity-hardening/static-h1-original-50-b5cbf91-20260827/episodes/static-h1-original/task_09_seed_1001_state_1.json
development,Static-H1,9,2,1002,4162912720903608682,1,130,130,130,89.77053302399509,198.09144063699932,6500,6370,6370,0,0,0.02,1.0,32,0,32,0,b5cbf91a7c1a47ac48b7d30ed318ecd2ea252d1a,/home/xinrui_shen/vla/runs/parity-hardening/static-h1-original-50-b5cbf91-20260827/episodes/static-h1-original/task_09_seed_1002_state_2.json
development,Static-H1,9,3,1003,4173967112482337571,0,,280,280,187.40983838800275,397.84749203299907,14000,13720,13720,0,0,0.02,1.0,32,0,32,0,b5cbf91a7c1a47ac48b7d30ed318ecd2ea252d1a,/home/xinrui_shen/vla/runs/parity-hardening/static-h1-original-50-b5cbf91-20260827/episodes/static-h1-original/task_09_seed_1003_state_3.json
development,Static-H1,9,4,1004,5437976892542091246,1,125,125,125,87.51143947197852,199.2489668950002,6250,6125,6125,0,0,0.02,1.0,36,0,36,0,b5cbf91a7c1a47ac48b7d30ed318ecd2ea252d1a,/home/xinrui_shen/vla/runs/parity-hardening/static-h1-original-50-b5cbf91-20260827/episodes/static-h1-original/task_09_seed_1004_state_4.json
development,Static-H10,0,0,1000,7291560000556540053,1,73,73,8,15.149227204000056,54.16796279500002,400,327,320,0,7,0.1825,9.125,20,1,19,0,b5cbf91a7c1a47ac48b7d30ed318ecd2ea252d1a,/home/xinrui_shen/vla/runs/parity-hardening/static-h10-50-b5cbf91-20260827/episodes/static-h10/task_00_seed_1000_state_0.json
development,Static-H10,0,1,1001,5423831692597276035,0,,280,28,14.280253317999893,85.61585542800003,1400,1120,1120,0,0,0.2,10.0,33,2,31,0,b5cbf91a7c1a47ac48b7d30ed318ecd2ea252d1a,/home/xinrui_shen/vla/runs/parity-hardening/static-h10-50-b5cbf91-20260827/episodes/static-h10/task_00_seed_1001_state_1.json
development,Static-H10,0,2,1002,2375001413206966694,0,,280,28,14.257182427999965,85.04347484299996,1400,1120,1120,0,0,0.2,10.0,35,1,34,0,b5cbf91a7c1a47ac48b7d30ed318ecd2ea252d1a,/home/xinrui_shen/vla/runs/parity-hardening/static-h10-50-b5cbf91-20260827/episodes/static-h10/task_00_seed_1002_state_2.json
development,Static-H10,0,3,1003,4270611907575412332,1,77,77,8,4.1391833989999895,30.798389920999966,400,323,320,0,3,0.1925,9.625,20,1,19,0,b5cbf91a7c1a47ac48b7d30ed318ecd2ea252d1a,/home/xinrui_shen/vla/runs/parity-hardening/static-h10-50-b5cbf91-20260827/episodes/static-h10/task_00_seed_1003_state_3.json
development,Static-H10,0,4,1004,839877525152245279,1,71,71,8,4.365648622000094,29.952856501999975,400,329,320,0,9,0.1775,8.875,23,1,22,0,b5cbf91a7c1a47ac48b7d30ed318ecd2ea252d1a,/home/xinrui_shen/vla/runs/parity-hardening/static-h10-50-b5cbf91-20260827/episodes/static-h10/task_00_seed_1004_state_4.json
development,Static-H10,1,0,1000,7380877101995076934,1,105,105,11,5.595163313000057,39.13291828599995,550,445,440,0,5,0.19090909090909092,9.545454545454545,17,0,17,0,b5cbf91a7c1a47ac48b7d30ed318ecd2ea252d1a,/home/xinrui_shen/vla/runs/parity-hardening/static-h10-50-b5cbf91-20260827/episodes/static-h10/task_01_seed_1000_state_0.json
development,Static-H10,1,1,1001,785292248529111346,1,99,99,10,5.8938880969999445,39.12324102399998,500,401,400,0,1,0.198,9.9,14,0,14,0,b5cbf91a7c1a47ac48b7d30ed318ecd2ea252d1a,/home/xinrui_shen/vla/runs/parity-hardening/static-h10-50-b5cbf91-20260827/episodes/static-h10/task_01_seed_1001_state_1.json
development,Static-H10,1,2,1002,8319009757324386309,1,104,104,11,6.394676064000009,39.06213968899999,550,446,440,0,6,0.1890909090909091,9.454545454545455,34,1,33,0,b5cbf91a7c1a47ac48b7d30ed318ecd2ea252d1a,/home/xinrui_shen/vla/runs/parity-hardening/static-h10-50-b5cbf91-20260827/episodes/static-h10/task_01_seed_1002_state_2.json
development,Static-H10,1,3,1003,6993734918692727842,1,102,102,11,5.773957466000184,37.09459599799993,550,448,440,0,8,0.18545454545454546,9.272727272727273,7,0,7,0,b5cbf91a7c1a47ac48b7d30ed318ecd2ea252d1a,/home/xinrui_shen/vla/runs/parity-hardening/static-h10-50-b5cbf91-20260827/episodes/static-h10/task_01_seed_1003_state_3.json
development,Static-H10,1,4,1004,4768231714663301246,0,,280,28,14.09464325500005,80.57599821200006,1400,1120,1120,0,0,0.2,10.0,28,0,28,0,b5cbf91a7c1a47ac48b7d30ed318ecd2ea252d1a,/home/xinrui_shen/vla/runs/parity-hardening/static-h10-50-b5cbf91-20260827/episodes/static-h10/task_01_seed_1004_state_4.json
development,Static-H10,2,0,1000,4405198951258256139,0,,280,28,15.670528177000506,82.05457461900005,1400,1120,1120,0,0,0.2,10.0,39,0,39,0,b5cbf91a7c1a47ac48b7d30ed318ecd2ea252d1a,/home/xinrui_shen/vla/runs/parity-hardening/static-h10-50-b5cbf91-20260827/episodes/static-h10/task_02_seed_1000_state_0.json
development,Static-H10,2,1,1001,4043387461487274640,1,97,97,10,5.7776281299999255,36.64963528599992,500,403,400,0,3,0.194,9.7,23,0,23,0,b5cbf91a7c1a47ac48b7d30ed318ecd2ea252d1a,/home/xinrui_shen/vla/runs/parity-hardening/static-h10-50-b5cbf91-20260827/episodes/static-h10/task_02_seed_1001_state_1.json
development,Static-H10,2,2,1002,9103535555776948696,1,88,88,9,4.5833608409998305,32.75598005300003,450,362,360,0,2,0.19555555555555557,9.777777777777779,17,0,17,0,b5cbf91a7c1a47ac48b7d30ed318ecd2ea252d1a,/home/xinrui_shen/vla/runs/parity-hardening/static-h10-50-b5cbf91-20260827/episodes/static-h10/task_02_seed_1002_state_2.json
development,Static-H10,2,3,1003,2166568339062684596,1,86,86,9,5.03749867199997,33.28866455299999,450,364,360,0,4,0.19111111111111112,9.555555555555555,23,0,23,0,b5cbf91a7c1a47ac48b7d30ed318ecd2ea252d1a,/home/xinrui_shen/vla/runs/parity-hardening/static-h10-50-b5cbf91-20260827/episodes/static-h10/task_02_seed_1003_state_3.json
development,Static-H10,2,4,1004,5815502219292240428,1,91,91,10,5.057600268000101,34.51330562199996,500,409,400,0,9,0.182,9.1,27,0,27,0,b5cbf91a7c1a47ac48b7d30ed318ecd2ea252d1a,/home/xinrui_shen/vla/runs/parity-hardening/static-h10-50-b5cbf91-20260827/episodes/static-h10/task_02_seed_1004_state_4.json
development,Static-H10,3,0,1000,872139382400650529,1,82,82,9,5.569112561999759,32.96224536400007,450,368,360,0,8,0.18222222222222223,9.11111111111111,29,0,29,0,b5cbf91a7c1a47ac48b7d30ed318ecd2ea252d1a,/home/xinrui_shen/vla/runs/parity-hardening/static-h10-50-b5cbf91-20260827/episodes/static-h10/task_03_seed_1000_state_0.json
development,Static-H10,3,1,1001,8367772792250325226,1,78,78,8,4.467790728999944,30.74588260900009,400,322,320,0,2,0.195,9.75,28,1,27,0,b5cbf91a7c1a47ac48b7d30ed318ecd2ea252d1a,/home/xinrui_shen/vla/runs/parity-hardening/static-h10-50-b5cbf91-20260827/episodes/static-h10/task_03_seed_1001_state_1.json
development,Static-H10,3,2,1002,6816212165976561234,0,,280,28,14.291842338999913,86.98031371499997,1400,1120,1120,0,0,0.2,10.0,74,0,74,0,b5cbf91a7c1a47ac48b7d30ed318ecd2ea252d1a,/home/xinrui_shen/vla/runs/parity-hardening/static-h10-50-b5cbf91-20260827/episodes/static-h10/task_03_seed_1002_state_2.json
development,Static-H10,3,3,1003,547466004784815430,1,80,80,8,4.093889808999393,31.52945790700005,400,320,320,0,0,0.2,10.0,15,0,15,0,b5cbf91a7c1a47ac48b7d30ed318ecd2ea252d1a,/home/xinrui_shen/vla/runs/parity-hardening/static-h10-50-b5cbf91-20260827/episodes/static-h10/task_03_seed_1003_state_3.json
development,Static-H10,3,4,1004,7323120285149477339,1,82,82,9,5.24147423799991,32.9518809839999,450,368,360,0,8,0.18222222222222223,9.11111111111111,20,1,19,0,b5cbf91a7c1a47ac48b7d30ed318ecd2ea252d1a,/home/xinrui_shen/vla/runs/parity-hardening/static-h10-50-b5cbf91-20260827/episodes/static-h10/task_03_seed_1004_state_4.json
development,Static-H10,4,0,1000,8513169697475700089,1,123,123,13,7.540032903000338,44.94307309199985,650,527,520,0,7,0.18923076923076923,9.461538461538462,20,0,20,0,b5cbf91a7c1a47ac48b7d30ed318ecd2ea252d1a,/home/xinrui_shen/vla/runs/parity-hardening/static-h10-50-b5cbf91-20260827/episodes/static-h10/task_04_seed_1000_state_0.json
development,Static-H10,4,1,1001,3469257450944538572,0,,280,28,14.048251728000423,87.30755101299997,1400,1120,1120,0,0,0.2,10.0,84,0,84,0,b5cbf91a7c1a47ac48b7d30ed318ecd2ea252d1a,/home/xinrui_shen/vla/runs/parity-hardening/static-h10-50-b5cbf91-20260827/episodes/static-h10/task_04_seed_1001_state_1.json
development,Static-H10,4,2,1002,5572084660172881480,1,125,125,13,6.875422495000066,45.638317458000074,650,525,520,0,5,0.19230769230769232,9.615384615384615,30,0,30,0,b5cbf91a7c1a47ac48b7d30ed318ecd2ea252d1a,/home/xinrui_shen/vla/runs/parity-hardening/static-h10-50-b5cbf91-20260827/episodes/static-h10/task_04_seed_1002_state_2.json
development,Static-H10,4,3,1003,402975405451108653,0,,280,28,14.378550957999778,88.7588333860001,1400,1120,1120,0,0,0.2,10.0,61,0,61,0,b5cbf91a7c1a47ac48b7d30ed318ecd2ea252d1a,/home/xinrui_shen/vla/runs/parity-hardening/static-h10-50-b5cbf91-20260827/episodes/static-h10/task_04_seed_1003_state_3.json
development,Static-H10,4,4,1004,8905480769858965570,1,121,121,13,7.548491897000076,47.91569094800002,650,529,520,0,9,0.18615384615384614,9.307692307692308,16,0,16,0,b5cbf91a7c1a47ac48b7d30ed318ecd2ea252d1a,/home/xinrui_shen/vla/runs/parity-hardening/static-h10-50-b5cbf91-20260827/episodes/static-h10/task_04_seed_1004_state_4.json
development,Static-H10,5,0,1000,6660030712243819836,1,93,93,10,6.6192582670000775,38.96084332999999,500,407,400,0,7,0.186,9.3,41,1,40,0,b5cbf91a7c1a47ac48b7d30ed318ecd2ea252d1a,/home/xinrui_shen/vla/runs/parity-hardening/static-h10-50-b5cbf91-20260827/episodes/static-h10/task_05_seed_1000_state_0.json
development,Static-H10,5,1,1001,9089024622675674847,0,,280,28,14.915775821999887,93.13294120800015,1400,1120,1120,0,0,0.2,10.0,39,0,39,0,b5cbf91a7c1a47ac48b7d30ed318ecd2ea252d1a,/home/xinrui_shen/vla/runs/parity-hardening/static-h10-50-b5cbf91-20260827/episodes/static-h10/task_05_seed_1001_state_1.json
development,Static-H10,5,2,1002,6434700622396312420,1,84,84,9,5.60834429400029,36.12172655099994,450,366,360,0,6,0.18666666666666668,9.333333333333334,15,0,15,0,b5cbf91a7c1a47ac48b7d30ed318ecd2ea252d1a,/home/xinrui_shen/vla/runs/parity-hardening/static-h10-50-b5cbf91-20260827/episodes/static-h10/task_05_seed_1002_state_2.json
development,Static-H10,5,3,1003,6050195505808188584,0,,280,28,14.882273386000406,94.36661259099992,1400,1120,1120,0,0,0.2,10.0,45,1,44,0,b5cbf91a7c1a47ac48b7d30ed318ecd2ea252d1a,/home/xinrui_shen/vla/runs/parity-hardening/static-h10-50-b5cbf91-20260827/episodes/static-h10/task_05_seed_1003_state_3.json
development,Static-H10,5,4,1004,148506301758857801,0,,280,28,14.703975830999298,95.27047396600005,1400,1120,1120,0,0,0.2,10.0,34,0,34,0,b5cbf91a7c1a47ac48b7d30ed318ecd2ea252d1a,/home/xinrui_shen/vla/runs/parity-hardening/static-h10-50-b5cbf91-20260827/episodes/static-h10/task_05_seed_1004_state_4.json
development,Static-H10,6,0,1000,6997229937442983994,0,,280,28,15.661126061000004,89.61905435899985,1400,1120,1120,0,0,0.2,10.0,63,2,61,0,b5cbf91a7c1a47ac48b7d30ed318ecd2ea252d1a,/home/xinrui_shen/vla/runs/parity-hardening/static-h10-50-b5cbf91-20260827/episodes/static-h10/task_06_seed_1000_state_0.json
development,Static-H10,6,1,1001,1260626615688585010,0,,280,28,15.103540362001013,91.22186063299978,1400,1120,1120,0,0,0.2,10.0,91,1,90,0,b5cbf91a7c1a47ac48b7d30ed318ecd2ea252d1a,/home/xinrui_shen/vla/runs/parity-hardening/static-h10-50-b5cbf91-20260827/episodes/static-h10/task_06_seed_1001_state_1.json
development,Static-H10,6,2,1002,589902366963284891,1,100,100,10,5.913915907999581,39.19946319099972,500,400,400,0,0,0.2,10.0,29,0,29,0,b5cbf91a7c1a47ac48b7d30ed318ecd2ea252d1a,/home/xinrui_shen/vla/runs/parity-hardening/static-h10-50-b5cbf91-20260827/episodes/static-h10/task_06_seed_1002_state_2.json
development,Static-H10,6,3,1003,8109541093867328847,0,,280,28,14.932871674999205,92.38251420300003,1400,1120,1120,0,0,0.2,10.0,115,0,115,0,b5cbf91a7c1a47ac48b7d30ed318ecd2ea252d1a,/home/xinrui_shen/vla/runs/parity-hardening/static-h10-50-b5cbf91-20260827/episodes/static-h10/task_06_seed_1003_state_3.json
development,Static-H10,6,4,1004,6634218549427139172,1,102,102,11,6.2072753120000925,40.019355421,550,448,440,0,8,0.18545454545454546,9.272727272727273,15,1,14,0,b5cbf91a7c1a47ac48b7d30ed318ecd2ea252d1a,/home/xinrui_shen/vla/runs/parity-hardening/static-h10-50-b5cbf91-20260827/episodes/static-h10/task_06_seed_1004_state_4.json
development,Static-H10,7,0,1000,5560803851283768854,1,107,107,11,6.738103787999535,44.128129072999855,550,443,440,0,3,0.19454545454545455,9.727272727272727,32,0,32,0,b5cbf91a7c1a47ac48b7d30ed318ecd2ea252d1a,/home/xinrui_shen/vla/runs/parity-hardening/static-h10-50-b5cbf91-20260827/episodes/static-h10/task_07_seed_1000_state_0.json
development,Static-H10,7,1,1001,5089618222436797426,1,199,199,20,10.74457881699982,72.27616102599995,1000,801,800,0,1,0.199,9.95,19,0,19,0,b5cbf91a7c1a47ac48b7d30ed318ecd2ea252d1a,/home/xinrui_shen/vla/runs/parity-hardening/static-h10-50-b5cbf91-20260827/episodes/static-h10/task_07_seed_1001_state_1.json
development,Static-H10,7,2,1002,1975631248050398168,0,,280,28,15.75258541499943,98.1836368180002,1400,1120,1120,0,0,0.2,10.0,21,0,21,0,b5cbf91a7c1a47ac48b7d30ed318ecd2ea252d1a,/home/xinrui_shen/vla/runs/parity-hardening/static-h10-50-b5cbf91-20260827/episodes/static-h10/task_07_seed_1002_state_2.json
development,Static-H10,7,3,1003,2168073338465533807,1,109,109,11,6.8375680300005115,47.50639722999995,550,441,440,0,1,0.19818181818181818,9.909090909090908,21,0,21,0,b5cbf91a7c1a47ac48b7d30ed318ecd2ea252d1a,/home/xinrui_shen/vla/runs/parity-hardening/static-h10-50-b5cbf91-20260827/episodes/static-h10/task_07_seed_1003_state_3.json
development,Static-H10,7,4,1004,7750479823927747336,1,104,104,11,6.726450137999564,43.75147398399986,550,446,440,0,6,0.1890909090909091,9.454545454545455,15,0,15,0,b5cbf91a7c1a47ac48b7d30ed318ecd2ea252d1a,/home/xinrui_shen/vla/runs/parity-hardening/static-h10-50-b5cbf91-20260827/episodes/static-h10/task_07_seed_1004_state_4.json
development,Static-H10,8,0,1000,2480725720429303213,0,,280,28,15.873974733999603,99.16460604399981,1400,1120,1120,0,0,0.2,10.0,29,0,29,0,b5cbf91a7c1a47ac48b7d30ed318ecd2ea252d1a,/home/xinrui_shen/vla/runs/parity-hardening/static-h10-50-b5cbf91-20260827/episodes/static-h10/task_08_seed_1000_state_0.json
development,Static-H10,8,1,1001,7491216410967156604,1,88,88,9,4.840816441000243,36.35260293300007,450,362,360,0,2,0.19555555555555557,9.777777777777779,39,0,39,0,b5cbf91a7c1a47ac48b7d30ed318ecd2ea252d1a,/home/xinrui_shen/vla/runs/parity-hardening/static-h10-50-b5cbf91-20260827/episodes/static-h10/task_08_seed_1001_state_1.json
development,Static-H10,8,2,1002,6548894511804397145,0,,280,28,15.586041295000086,99.25395201200035,1400,1120,1120,0,0,0.2,10.0,30,0,30,0,b5cbf91a7c1a47ac48b7d30ed318ecd2ea252d1a,/home/xinrui_shen/vla/runs/parity-hardening/static-h10-50-b5cbf91-20260827/episodes/static-h10/task_08_seed_1002_state_2.json
development,Static-H10,8,3,1003,8744096324536139809,1,89,89,9,5.443350874999851,37.83526675799976,450,361,360,0,1,0.19777777777777777,9.88888888888889,41,0,41,0,b5cbf91a7c1a47ac48b7d30ed318ecd2ea252d1a,/home/xinrui_shen/vla/runs/parity-hardening/static-h10-50-b5cbf91-20260827/episodes/static-h10/task_08_seed_1003_state_3.json
development,Static-H10,8,4,1004,415862067894842786,0,,280,28,16.030714928999714,102.27321993199985,1400,1120,1120,0,0,0.2,10.0,33,0,33,0,b5cbf91a7c1a47ac48b7d30ed318ecd2ea252d1a,/home/xinrui_shen/vla/runs/parity-hardening/static-h10-50-b5cbf91-20260827/episodes/static-h10/task_08_seed_1004_state_4.json
development,Static-H10,9,0,1000,4032145136358586291,1,116,116,12,7.150049426998976,48.825011083999925,600,484,480,0,4,0.19333333333333333,9.666666666666666,26,2,24,0,b5cbf91a7c1a47ac48b7d30ed318ecd2ea252d1a,/home/xinrui_shen/vla/runs/parity-hardening/static-h10-50-b5cbf91-20260827/episodes/static-h10/task_09_seed_1000_state_0.json
development,Static-H10,9,1,1001,1252945996683820954,0,,280,28,15.770930477999173,102.93574158299998,1400,1120,1120,0,0,0.2,10.0,69,3,66,0,b5cbf91a7c1a47ac48b7d30ed318ecd2ea252d1a,/home/xinrui_shen/vla/runs/parity-hardening/static-h10-50-b5cbf91-20260827/episodes/static-h10/task_09_seed_1001_state_1.json
development,Static-H10,9,2,1002,4162912720903608682,1,124,124,13,7.802723714000422,51.957777478000025,650,526,520,0,6,0.19076923076923077,9.538461538461538,33,0,33,0,b5cbf91a7c1a47ac48b7d30ed318ecd2ea252d1a,/home/xinrui_shen/vla/runs/parity-hardening/static-h10-50-b5cbf91-20260827/episodes/static-h10/task_09_seed_1002_state_2.json
development,Static-H10,9,3,1003,4173967112482337571,0,,280,28,15.522716496998328,99.93913800700011,1400,1120,1120,0,0,0.2,10.0,32,0,32,0,b5cbf91a7c1a47ac48b7d30ed318ecd2ea252d1a,/home/xinrui_shen/vla/runs/parity-hardening/static-h10-50-b5cbf91-20260827/episodes/static-h10/task_09_seed_1003_state_3.json
development,Static-H10,9,4,1004,5437976892542091246,0,,280,28,16.568194934001895,105.73903290699991,1400,1120,1120,0,0,0.2,10.0,87,0,87,0,b5cbf91a7c1a47ac48b7d30ed318ecd2ea252d1a,/home/xinrui_shen/vla/runs/parity-hardening/static-h10-50-b5cbf91-20260827/episodes/static-h10/task_09_seed_1004_state_4.json
development,Static-H20,0,0,1000,7291560000556540053,1,76,76,4,12.303448304000085,51.23763969299989,200,124,120,0,4,0.38,19.0,36,0,36,0,b5cbf91a7c1a47ac48b7d30ed318ecd2ea252d1a,/home/xinrui_shen/vla/runs/parity-hardening/h20-paired-100-b5cbf91-20260827/episodes/static-h20/task_00_seed_1000_state_0.json
development,Static-H20,0,1,1001,5423831692597276035,0,,280,14,8.419808518000082,78.79773369000031,700,420,420,0,0,0.4,20.0,39,0,39,0,b5cbf91a7c1a47ac48b7d30ed318ecd2ea252d1a,/home/xinrui_shen/vla/runs/parity-hardening/h20-paired-100-b5cbf91-20260827/episodes/static-h20/task_00_seed_1001_state_1.json
development,Static-H20,0,2,1002,2375001413206966694,0,,280,14,8.492060443000355,77.22400808500015,700,420,420,0,0,0.4,20.0,50,9,41,0,b5cbf91a7c1a47ac48b7d30ed318ecd2ea252d1a,/home/xinrui_shen/vla/runs/parity-hardening/h20-paired-100-b5cbf91-20260827/episodes/static-h20/task_00_seed_1002_state_2.json
development,Static-H20,0,3,1003,4270611907575412332,1,72,72,4,3.0168743550002546,27.816856813000413,200,128,120,0,8,0.36,18.0,37,0,37,0,b5cbf91a7c1a47ac48b7d30ed318ecd2ea252d1a,/home/xinrui_shen/vla/runs/parity-hardening/h20-paired-100-b5cbf91-20260827/episodes/static-h20/task_00_seed_1003_state_3.json
development,Static-H20,0,4,1004,839877525152245279,1,69,69,4,3.1198851690000993,33.610257034999904,200,131,120,0,11,0.345,17.25,32,0,32,0,b5cbf91a7c1a47ac48b7d30ed318ecd2ea252d1a,/home/xinrui_shen/vla/runs/parity-hardening/h20-paired-100-b5cbf91-20260827/episodes/static-h20/task_00_seed_1004_state_4.json
development,Static-H20,1,0,1000,7380877101995076934,1,104,104,6,4.19167554500018,34.65172670599986,300,196,180,0,16,0.3466666666666667,17.333333333333332,18,0,18,0,b5cbf91a7c1a47ac48b7d30ed318ecd2ea252d1a,/home/xinrui_shen/vla/runs/parity-hardening/h20-paired-100-b5cbf91-20260827/episodes/static-h20/task_01_seed_1000_state_0.json
development,Static-H20,1,1,1001,785292248529111346,1,90,90,5,2.8864359180001884,30.795031179000034,250,160,150,0,10,0.36,18.0,28,2,26,0,b5cbf91a7c1a47ac48b7d30ed318ecd2ea252d1a,/home/xinrui_shen/vla/runs/parity-hardening/h20-paired-100-b5cbf91-20260827/episodes/static-h20/task_01_seed_1001_state_1.json
development,Static-H20,1,2,1002,8319009757324386309,1,103,103,6,3.5495943460005037,33.60685885599969,300,197,180,0,17,0.3433333333333333,17.166666666666668,26,0,26,0,b5cbf91a7c1a47ac48b7d30ed318ecd2ea252d1a,/home/xinrui_shen/vla/runs/parity-hardening/h20-paired-100-b5cbf91-20260827/episodes/static-h20/task_01_seed_1002_state_2.json
development,Static-H20,1,3,1003,6993734918692727842,1,91,91,5,2.9984956400003284,31.19370748600022,250,159,150,0,9,0.364,18.2,23,0,23,0,b5cbf91a7c1a47ac48b7d30ed318ecd2ea252d1a,/home/xinrui_shen/vla/runs/parity-hardening/h20-paired-100-b5cbf91-20260827/episodes/static-h20/task_01_seed_1003_state_3.json
development,Static-H20,1,4,1004,4768231714663301246,1,107,107,6,4.19297078200043,35.66011388600009,300,193,180,0,13,0.3566666666666667,17.833333333333332,19,0,19,0,b5cbf91a7c1a47ac48b7d30ed318ecd2ea252d1a,/home/xinrui_shen/vla/runs/parity-hardening/h20-paired-100-b5cbf91-20260827/episodes/static-h20/task_01_seed_1004_state_4.json
development,Static-H20,2,0,1000,4405198951258256139,0,,280,14,9.354044152000824,74.46057755999982,700,420,420,0,0,0.4,20.0,34,0,34,0,b5cbf91a7c1a47ac48b7d30ed318ecd2ea252d1a,/home/xinrui_shen/vla/runs/parity-hardening/h20-paired-100-b5cbf91-20260827/episodes/static-h20/task_02_seed_1000_state_0.json
development,Static-H20,2,1,1001,4043387461487274640,1,96,96,5,3.4774914440004068,33.20234187799997,250,154,150,0,4,0.384,19.2,33,0,33,0,b5cbf91a7c1a47ac48b7d30ed318ecd2ea252d1a,/home/xinrui_shen/vla/runs/parity-hardening/h20-paired-100-b5cbf91-20260827/episodes/static-h20/task_02_seed_1001_state_1.json
development,Static-H20,2,2,1002,9103535555776948696,1,92,92,5,3.700345550000293,32.90842008100026,250,158,150,0,8,0.368,18.4,17,0,17,0,b5cbf91a7c1a47ac48b7d30ed318ecd2ea252d1a,/home/xinrui_shen/vla/runs/parity-hardening/h20-paired-100-b5cbf91-20260827/episodes/static-h20/task_02_seed_1002_state_2.json
development,Static-H20,2,3,1003,2166568339062684596,0,,280,14,8.528520074998596,73.3242996859999,700,420,420,0,0,0.4,20.0,39,0,39,0,b5cbf91a7c1a47ac48b7d30ed318ecd2ea252d1a,/home/xinrui_shen/vla/runs/parity-hardening/h20-paired-100-b5cbf91-20260827/episodes/static-h20/task_02_seed_1003_state_3.json
development,Static-H20,2,4,1004,5815502219292240428,1,95,95,5,3.5372195590002775,32.97681810999984,250,155,150,0,5,0.38,19.0,21,0,21,0,b5cbf91a7c1a47ac48b7d30ed318ecd2ea252d1a,/home/xinrui_shen/vla/runs/parity-hardening/h20-paired-100-b5cbf91-20260827/episodes/static-h20/task_02_seed_1004_state_4.json
development,Static-H20,3,0,1000,872139382400650529,1,81,81,5,3.785955966999609,29.27140251799983,250,169,150,0,19,0.324,16.2,13,0,13,0,b5cbf91a7c1a47ac48b7d30ed318ecd2ea252d1a,/home/xinrui_shen/vla/runs/parity-hardening/h20-paired-100-b5cbf91-20260827/episodes/static-h20/task_03_seed_1000_state_0.json
development,Static-H20,3,1,1001,8367772792250325226,1,80,80,4,2.2636542109999027,28.089137177999874,200,120,120,0,0,0.4,20.0,20,0,20,0,b5cbf91a7c1a47ac48b7d30ed318ecd2ea252d1a,/home/xinrui_shen/vla/runs/parity-hardening/h20-paired-100-b5cbf91-20260827/episodes/static-h20/task_03_seed_1001_state_1.json
development,Static-H20,3,2,1002,6816212165976561234,0,,280,14,8.785333549999905,77.78066553100007,700,420,420,0,0,0.4,20.0,76,0,76,0,b5cbf91a7c1a47ac48b7d30ed318ecd2ea252d1a,/home/xinrui_shen/vla/runs/parity-hardening/h20-paired-100-b5cbf91-20260827/episodes/static-h20/task_03_seed_1002_state_2.json
development,Static-H20,3,3,1003,547466004784815430,0,,280,14,8.680234977000055,79.58432706600024,700,420,420,0,0,0.4,20.0,65,0,65,0,b5cbf91a7c1a47ac48b7d30ed318ecd2ea252d1a,/home/xinrui_shen/vla/runs/parity-hardening/h20-paired-100-b5cbf91-20260827/episodes/static-h20/task_03_seed_1003_state_3.json
development,Static-H20,3,4,1004,7323120285149477339,1,80,80,4,2.9040529039998546,29.120131651000065,200,120,120,0,0,0.4,20.0,17,0,17,0,b5cbf91a7c1a47ac48b7d30ed318ecd2ea252d1a,/home/xinrui_shen/vla/runs/parity-hardening/h20-paired-100-b5cbf91-20260827/episodes/static-h20/task_03_seed_1004_state_4.json
development,Static-H20,4,0,1000,8513169697475700089,1,122,122,7,4.865517969000848,41.73324941299961,350,228,210,0,18,0.3485714285714286,17.428571428571427,42,0,42,0,b5cbf91a7c1a47ac48b7d30ed318ecd2ea252d1a,/home/xinrui_shen/vla/runs/parity-hardening/h20-paired-100-b5cbf91-20260827/episodes/static-h20/task_04_seed_1000_state_0.json
development,Static-H20,4,1,1001,3469257450944538572,0,,280,14,8.477344916998845,81.99019599599978,700,420,420,0,0,0.4,20.0,72,0,72,0,b5cbf91a7c1a47ac48b7d30ed318ecd2ea252d1a,/home/xinrui_shen/vla/runs/parity-hardening/h20-paired-100-b5cbf91-20260827/episodes/static-h20/task_04_seed_1001_state_1.json
development,Static-H20,4,2,1002,5572084660172881480,1,128,128,7,4.908875684000122,45.84965436199991,350,222,210,0,12,0.3657142857142857,18.285714285714285,47,0,47,0,b5cbf91a7c1a47ac48b7d30ed318ecd2ea252d1a,/home/xinrui_shen/vla/runs/parity-hardening/h20-paired-100-b5cbf91-20260827/episodes/static-h20/task_04_seed_1002_state_2.json
development,Static-H20,4,3,1003,402975405451108653,0,,280,14,7.587080629000866,80.66347538899981,700,420,420,0,0,0.4,20.0,71,0,71,0,b5cbf91a7c1a47ac48b7d30ed318ecd2ea252d1a,/home/xinrui_shen/vla/runs/parity-hardening/h20-paired-100-b5cbf91-20260827/episodes/static-h20/task_04_seed_1003_state_3.json
development,Static-H20,4,4,1004,8905480769858965570,1,127,127,7,4.863319835999846,44.10079890000043,350,223,210,0,13,0.3628571428571429,18.142857142857142,22,0,22,0,b5cbf91a7c1a47ac48b7d30ed318ecd2ea252d1a,/home/xinrui_shen/vla/runs/parity-hardening/h20-paired-100-b5cbf91-20260827/episodes/static-h20/task_04_seed_1004_state_4.json
development,Static-H20,5,0,1000,6660030712243819836,0,,280,14,8.997341915000561,83.92805905400019,700,420,420,0,0,0.4,20.0,32,0,32,0,b5cbf91a7c1a47ac48b7d30ed318ecd2ea252d1a,/home/xinrui_shen/vla/runs/parity-hardening/h20-paired-100-b5cbf91-20260827/episodes/static-h20/task_05_seed_1000_state_0.json
development,Static-H20,5,1,1001,9089024622675674847,0,,280,14,8.555470779999268,86.08711162400004,700,420,420,0,0,0.4,20.0,44,1,43,0,b5cbf91a7c1a47ac48b7d30ed318ecd2ea252d1a,/home/xinrui_shen/vla/runs/parity-hardening/h20-paired-100-b5cbf91-20260827/episodes/static-h20/task_05_seed_1001_state_1.json
development,Static-H20,5,2,1002,6434700622396312420,0,,280,14,8.43930222300105,90.53807251099988,700,420,420,0,0,0.4,20.0,74,0,74,0,b5cbf91a7c1a47ac48b7d30ed318ecd2ea252d1a,/home/xinrui_shen/vla/runs/parity-hardening/h20-paired-100-b5cbf91-20260827/episodes/static-h20/task_05_seed_1002_state_2.json
development,Static-H20,5,3,1003,6050195505808188584,0,,280,14,8.586448362999818,87.51544414099999,700,420,420,0,0,0.4,20.0,57,1,56,0,b5cbf91a7c1a47ac48b7d30ed318ecd2ea252d1a,/home/xinrui_shen/vla/runs/parity-hardening/h20-paired-100-b5cbf91-20260827/episodes/static-h20/task_05_seed_1003_state_3.json
development,Static-H20,5,4,1004,148506301758857801,0,,280,14,8.525869565000903,89.05545361700024,700,420,420,0,0,0.4,20.0,66,0,66,0,b5cbf91a7c1a47ac48b7d30ed318ecd2ea252d1a,/home/xinrui_shen/vla/runs/parity-hardening/h20-paired-100-b5cbf91-20260827/episodes/static-h20/task_05_seed_1004_state_4.json
development,Static-H20,6,0,1000,6997229937442983994,1,93,93,5,3.6985647139999855,33.5148372120002,250,157,150,0,7,0.372,18.6,35,1,34,0,b5cbf91a7c1a47ac48b7d30ed318ecd2ea252d1a,/home/xinrui_shen/vla/runs/parity-hardening/h20-paired-100-b5cbf91-20260827/episodes/static-h20/task_06_seed_1000_state_0.json
development,Static-H20,6,1,1001,1260626615688585010,0,,280,14,8.518916596000054,83.83355443599976,700,420,420,0,0,0.4,20.0,65,0,65,0,b5cbf91a7c1a47ac48b7d30ed318ecd2ea252d1a,/home/xinrui_shen/vla/runs/parity-hardening/h20-paired-100-b5cbf91-20260827/episodes/static-h20/task_06_seed_1001_state_1.json
development,Static-H20,6,2,1002,589902366963284891,1,102,102,6,4.182003592000001,37.01587276600003,300,198,180,0,18,0.34,17.0,23,1,22,0,b5cbf91a7c1a47ac48b7d30ed318ecd2ea252d1a,/home/xinrui_shen/vla/runs/parity-hardening/h20-paired-100-b5cbf91-20260827/episodes/static-h20/task_06_seed_1002_state_2.json
development,Static-H20,6,3,1003,8109541093867328847,1,101,101,6,3.2406384360010634,36.05776378199971,300,199,180,0,19,0.33666666666666667,16.833333333333332,35,0,35,0,b5cbf91a7c1a47ac48b7d30ed318ecd2ea252d1a,/home/xinrui_shen/vla/runs/parity-hardening/h20-paired-100-b5cbf91-20260827/episodes/static-h20/task_06_seed_1003_state_3.json
development,Static-H20,6,4,1004,6634218549427139172,1,94,94,5,3.1094843050004783,34.33611602600013,250,156,150,0,6,0.376,18.8,30,0,30,0,b5cbf91a7c1a47ac48b7d30ed318ecd2ea252d1a,/home/xinrui_shen/vla/runs/parity-hardening/h20-paired-100-b5cbf91-20260827/episodes/static-h20/task_06_seed_1004_state_4.json
development,Static-H20,7,0,1000,5560803851283768854,1,113,113,6,4.210134073000518,42.447523693999756,300,187,180,0,7,0.37666666666666665,18.833333333333332,30,0,30,0,b5cbf91a7c1a47ac48b7d30ed318ecd2ea252d1a,/home/xinrui_shen/vla/runs/parity-hardening/h20-paired-100-b5cbf91-20260827/episodes/static-h20/task_07_seed_1000_state_0.json
development,Static-H20,7,1,1001,5089618222436797426,1,109,109,6,4.142062333000467,42.59014014399963,300,191,180,0,11,0.36333333333333334,18.166666666666668,18,0,18,0,b5cbf91a7c1a47ac48b7d30ed318ecd2ea252d1a,/home/xinrui_shen/vla/runs/parity-hardening/h20-paired-100-b5cbf91-20260827/episodes/static-h20/task_07_seed_1001_state_1.json
development,Static-H20,7,2,1002,1975631248050398168,1,112,112,6,4.200773856998239,42.316055141000106,300,188,180,0,8,0.37333333333333335,18.666666666666668,26,0,26,0,b5cbf91a7c1a47ac48b7d30ed318ecd2ea252d1a,/home/xinrui_shen/vla/runs/parity-hardening/h20-paired-100-b5cbf91-20260827/episodes/static-h20/task_07_seed_1002_state_2.json
development,Static-H20,7,3,1003,2168073338465533807,1,112,112,6,3.9836270160012646,42.017133104000095,300,188,180,0,8,0.37333333333333335,18.666666666666668,33,0,33,0,b5cbf91a7c1a47ac48b7d30ed318ecd2ea252d1a,/home/xinrui_shen/vla/runs/parity-hardening/h20-paired-100-b5cbf91-20260827/episodes/static-h20/task_07_seed_1003_state_3.json
development,Static-H20,7,4,1004,7750479823927747336,1,106,106,6,4.007630225999492,40.81464442500055,300,194,180,0,14,0.35333333333333333,17.666666666666668,18,0,18,0,b5cbf91a7c1a47ac48b7d30ed318ecd2ea252d1a,/home/xinrui_shen/vla/runs/parity-hardening/h20-paired-100-b5cbf91-20260827/episodes/static-h20/task_07_seed_1004_state_4.json
development,Static-H20,8,0,1000,2480725720429303213,1,89,89,5,3.5065319109990014,34.9582407049993,250,161,150,0,11,0.356,17.8,26,0,26,0,b5cbf91a7c1a47ac48b7d30ed318ecd2ea252d1a,/home/xinrui_shen/vla/runs/parity-hardening/h20-paired-100-b5cbf91-20260827/episodes/static-h20/task_08_seed_1000_state_0.json
development,Static-H20,8,1,1001,7491216410967156604,1,93,93,5,3.434720939998442,35.56823170500047,250,157,150,0,7,0.372,18.6,27,0,27,0,b5cbf91a7c1a47ac48b7d30ed318ecd2ea252d1a,/home/xinrui_shen/vla/runs/parity-hardening/h20-paired-100-b5cbf91-20260827/episodes/static-h20/task_08_seed_1001_state_1.json
development,Static-H20,8,2,1002,6548894511804397145,1,93,93,5,3.8275226679998013,36.06737320499997,250,157,150,0,7,0.372,18.6,45,0,45,0,b5cbf91a7c1a47ac48b7d30ed318ecd2ea252d1a,/home/xinrui_shen/vla/runs/parity-hardening/h20-paired-100-b5cbf91-20260827/episodes/static-h20/task_08_seed_1002_state_2.json
development,Static-H20,8,3,1003,8744096324536139809,1,216,216,11,7.248383760000252,72.1367073700003,550,334,330,0,4,0.3927272727272727,19.636363636363637,36,0,36,0,b5cbf91a7c1a47ac48b7d30ed318ecd2ea252d1a,/home/xinrui_shen/vla/runs/parity-hardening/h20-paired-100-b5cbf91-20260827/episodes/static-h20/task_08_seed_1003_state_3.json
development,Static-H20,8,4,1004,415862067894842786,0,,280,14,8.504229843001667,88.54758024700004,700,420,420,0,0,0.4,20.0,37,0,37,0,b5cbf91a7c1a47ac48b7d30ed318ecd2ea252d1a,/home/xinrui_shen/vla/runs/parity-hardening/h20-paired-100-b5cbf91-20260827/episodes/static-h20/task_08_seed_1004_state_4.json
development,Static-H20,9,0,1000,4032145136358586291,0,,280,14,9.040203784998084,91.36522914200032,700,420,420,0,0,0.4,20.0,43,0,43,0,b5cbf91a7c1a47ac48b7d30ed318ecd2ea252d1a,/home/xinrui_shen/vla/runs/parity-hardening/h20-paired-100-b5cbf91-20260827/episodes/static-h20/task_09_seed_1000_state_0.json
development,Static-H20,9,1,1001,1252945996683820954,0,,280,14,8.952131088996794,93.49351533700064,700,420,420,0,0,0.4,20.0,63,0,63,0,b5cbf91a7c1a47ac48b7d30ed318ecd2ea252d1a,/home/xinrui_shen/vla/runs/parity-hardening/h20-paired-100-b5cbf91-20260827/episodes/static-h20/task_09_seed_1001_state_1.json
development,Static-H20,9,2,1002,4162912720903608682,1,127,127,7,4.521626110999932,47.73532934600007,350,223,210,0,13,0.3628571428571429,18.142857142857142,32,0,32,0,b5cbf91a7c1a47ac48b7d30ed318ecd2ea252d1a,/home/xinrui_shen/vla/runs/parity-hardening/h20-paired-100-b5cbf91-20260827/episodes/static-h20/task_09_seed_1002_state_2.json
development,Static-H20,9,3,1003,4173967112482337571,0,,280,14,7.9990799640008845,89.9374803339997,700,420,420,0,0,0.4,20.0,51,0,51,0,b5cbf91a7c1a47ac48b7d30ed318ecd2ea252d1a,/home/xinrui_shen/vla/runs/parity-hardening/h20-paired-100-b5cbf91-20260827/episodes/static-h20/task_09_seed_1003_state_3.json
development,Static-H20,9,4,1004,5437976892542091246,1,122,122,7,4.716295405998608,46.92339397199976,350,228,210,0,18,0.3485714285714286,17.428571428571427,47,0,47,0,b5cbf91a7c1a47ac48b7d30ed318ecd2ea252d1a,/home/xinrui_shen/vla/runs/parity-hardening/h20-paired-100-b5cbf91-20260827/episodes/static-h20/task_09_seed_1004_state_4.json
held-out,Adaptive-v2a,0,0,1000,9037635778626979386,1,77,77,4,11.631598281001061,46.910829285000545,200,123,120,0,3,0.385,19.25,25,0,25,0,a9afdc0b4feee120f5c3c71f22d84c691ed85ba6,/home/xinrui_shen/vla/runs/adaptive-v2-prereg/adaptive-v2a-formal-heldout-100-a9afdc0-20260828/episodes/adaptive-v2a-h20-to-h1/task_00_seed_1000_state_0.json
held-out,Adaptive-v2a,0,1,1001,980056247616686888,0,,280,16,18.00552177100144,95.42626226899938,800,520,499,18,3,0.35,17.5,37,1,35,0,a9afdc0b4feee120f5c3c71f22d84c691ed85ba6,/home/xinrui_shen/vla/runs/adaptive-v2-prereg/adaptive-v2a-formal-heldout-100-a9afdc0-20260828/episodes/adaptive-v2a-h20-to-h1/task_00_seed_1001_state_1.json
held-out,Adaptive-v2a,0,2,1002,9165237934165890703,0,,280,14,8.21188243600227,73.94252493000022,700,420,420,0,0,0.4,20.0,36,0,36,0,a9afdc0b4feee120f5c3c71f22d84c691ed85ba6,/home/xinrui_shen/vla/runs/adaptive-v2-prereg/adaptive-v2a-formal-heldout-100-a9afdc0-20260828/episodes/adaptive-v2a-h20-to-h1/task_00_seed_1002_state_2.json
held-out,Adaptive-v2a,0,3,1003,6507881904581753528,1,70,70,4,3.0477925359991787,26.32583145999979,200,130,120,0,10,0.35,17.5,31,0,29,0,a9afdc0b4feee120f5c3c71f22d84c691ed85ba6,/home/xinrui_shen/vla/runs/adaptive-v2-prereg/adaptive-v2a-formal-heldout-100-a9afdc0-20260828/episodes/adaptive-v2a-h20-to-h1/task_00_seed_1003_state_3.json
held-out,Adaptive-v2a,0,4,1004,3530968003558899089,1,73,73,4,3.233732654999585,26.695920813000157,200,127,120,0,7,0.365,18.25,28,0,28,0,a9afdc0b4feee120f5c3c71f22d84c691ed85ba6,/home/xinrui_shen/vla/runs/adaptive-v2-prereg/adaptive-v2a-formal-heldout-100-a9afdc0-20260828/episodes/adaptive-v2a-h20-to-h1/task_00_seed_1004_state_4.json
held-out,Adaptive-v2a,1,0,1000,1727553887525316917,1,102,102,6,4.089605046998258,34.01686733899987,300,198,180,0,18,0.34,17.0,14,0,14,0,a9afdc0b4feee120f5c3c71f22d84c691ed85ba6,/home/xinrui_shen/vla/runs/adaptive-v2-prereg/adaptive-v2a-formal-heldout-100-a9afdc0-20260828/episodes/adaptive-v2a-h20-to-h1/task_01_seed_1000_state_0.json
held-out,Adaptive-v2a,1,1,1001,7670086622590421292,0,,280,14,8.198631229000057,74.82996092299982,700,420,420,0,0,0.4,20.0,99,0,99,0,a9afdc0b4feee120f5c3c71f22d84c691ed85ba6,/home/xinrui_shen/vla/runs/adaptive-v2-prereg/adaptive-v2a-formal-heldout-100-a9afdc0-20260828/episodes/adaptive-v2a-h20-to-h1/task_01_seed_1001_state_1.json
held-out,Adaptive-v2a,1,2,1002,8047570644817091790,1,99,99,5,3.4482665250016,32.76469052899938,250,151,150,0,1,0.396,19.8,30,0,30,0,a9afdc0b4feee120f5c3c71f22d84c691ed85ba6,/home/xinrui_shen/vla/runs/adaptive-v2-prereg/adaptive-v2a-formal-heldout-100-a9afdc0-20260828/episodes/adaptive-v2a-h20-to-h1/task_01_seed_1002_state_2.json
held-out,Adaptive-v2a,1,3,1003,458796222900075735,1,99,99,5,3.389332014999127,33.39981296299993,250,151,150,0,1,0.396,19.8,23,0,23,0,a9afdc0b4feee120f5c3c71f22d84c691ed85ba6,/home/xinrui_shen/vla/runs/adaptive-v2-prereg/adaptive-v2a-formal-heldout-100-a9afdc0-20260828/episodes/adaptive-v2a-h20-to-h1/task_01_seed_1003_state_3.json
held-out,Adaptive-v2a,1,4,1004,3124109915440601454,0,,280,14,8.679004361998523,73.27270071400017,700,420,420,0,0,0.4,20.0,49,0,49,0,a9afdc0b4feee120f5c3c71f22d84c691ed85ba6,/home/xinrui_shen/vla/runs/adaptive-v2-prereg/adaptive-v2a-formal-heldout-100-a9afdc0-20260828/episodes/adaptive-v2a-h20-to-h1/task_01_seed_1004_state_4.json
held-out,Adaptive-v2a,2,0,1000,384962468335574601,1,94,94,5,4.0382064039995385,32.839227167999525,250,156,150,0,6,0.376,18.8,9,0,9,0,a9afdc0b4feee120f5c3c71f22d84c691ed85ba6,/home/xinrui_shen/vla/runs/adaptive-v2-prereg/adaptive-v2a-formal-heldout-100-a9afdc0-20260828/episodes/adaptive-v2a-h20-to-h1/task_02_seed_1000_state_0.json
held-out,Adaptive-v2a,2,1,1001,378671265934660491,0,,280,14,8.260915695001131,70.83538049900017,700,420,420,0,0,0.4,20.0,49,0,49,0,a9afdc0b4feee120f5c3c71f22d84c691ed85ba6,/home/xinrui_shen/vla/runs/adaptive-v2-prereg/adaptive-v2a-formal-heldout-100-a9afdc0-20260828/episodes/adaptive-v2a-h20-to-h1/task_02_seed_1001_state_1.json
held-out,Adaptive-v2a,2,2,1002,70985118551697825,1,97,97,5,3.4002911830011726,33.49047952900037,250,153,150,0,3,0.388,19.4,19,0,19,0,a9afdc0b4feee120f5c3c71f22d84c691ed85ba6,/home/xinrui_shen/vla/runs/adaptive-v2-prereg/adaptive-v2a-formal-heldout-100-a9afdc0-20260828/episodes/adaptive-v2a-h20-to-h1/task_02_seed_1002_state_2.json
held-out,Adaptive-v2a,2,3,1003,2467850637148871448,1,89,89,5,3.7121154430005845,32.22704197100029,250,161,150,0,11,0.356,17.8,22,0,22,0,a9afdc0b4feee120f5c3c71f22d84c691ed85ba6,/home/xinrui_shen/vla/runs/adaptive-v2-prereg/adaptive-v2a-formal-heldout-100-a9afdc0-20260828/episodes/adaptive-v2a-h20-to-h1/task_02_seed_1003_state_3.json
held-out,Adaptive-v2a,2,4,1004,8570480688307088295,1,103,103,6,3.950211151000076,34.946586747000765,300,197,180,0,17,0.3433333333333333,17.166666666666668,18,0,18,0,a9afdc0b4feee120f5c3c71f22d84c691ed85ba6,/home/xinrui_shen/vla/runs/adaptive-v2-prereg/adaptive-v2a-formal-heldout-100-a9afdc0-20260828/episodes/adaptive-v2a-h20-to-h1/task_02_seed_1004_state_4.json
held-out,Adaptive-v2a,3,0,1000,2115062266328042292,0,,280,14,8.599869686002421,76.38533810100034,700,420,420,0,0,0.4,20.0,52,0,52,0,a9afdc0b4feee120f5c3c71f22d84c691ed85ba6,/home/xinrui_shen/vla/runs/adaptive-v2-prereg/adaptive-v2a-formal-heldout-100-a9afdc0-20260828/episodes/adaptive-v2a-h20-to-h1/task_03_seed_1000_state_0.json
held-out,Adaptive-v2a,3,1,1001,6443209606989203447,0,,280,14,8.401642166999409,75.41728556199996,700,420,420,0,0,0.4,20.0,37,0,37,0,a9afdc0b4feee120f5c3c71f22d84c691ed85ba6,/home/xinrui_shen/vla/runs/adaptive-v2-prereg/adaptive-v2a-formal-heldout-100-a9afdc0-20260828/episodes/adaptive-v2a-h20-to-h1/task_03_seed_1001_state_1.json
held-out,Adaptive-v2a,3,2,1002,942490697977572502,1,77,77,4,2.894332444999236,30.133605117000116,200,123,120,0,3,0.385,19.25,24,0,24,0,a9afdc0b4feee120f5c3c71f22d84c691ed85ba6,/home/xinrui_shen/vla/runs/adaptive-v2-prereg/adaptive-v2a-formal-heldout-100-a9afdc0-20260828/episodes/adaptive-v2a-h20-to-h1/task_03_seed_1002_state_2.json
held-out,Adaptive-v2a,3,3,1003,3340764289183902481,1,84,84,5,3.4260803610004587,30.798466387999724,250,166,150,0,16,0.336,16.8,18,0,18,0,a9afdc0b4feee120f5c3c71f22d84c691ed85ba6,/home/xinrui_shen/vla/runs/adaptive-v2-prereg/adaptive-v2a-formal-heldout-100-a9afdc0-20260828/episodes/adaptive-v2a-h20-to-h1/task_03_seed_1003_state_3.json
held-out,Adaptive-v2a,3,4,1004,2275474889922570626,1,79,79,4,3.336392019001323,29.560545508999894,200,121,120,0,1,0.395,19.75,31,0,29,0,a9afdc0b4feee120f5c3c71f22d84c691ed85ba6,/home/xinrui_shen/vla/runs/adaptive-v2-prereg/adaptive-v2a-formal-heldout-100-a9afdc0-20260828/episodes/adaptive-v2a-h20-to-h1/task_03_seed_1004_state_4.json
held-out,Adaptive-v2a,4,0,1000,7001785493219244563,1,128,128,7,4.33602645100018,42.53152345299986,350,222,210,0,12,0.3657142857142857,18.285714285714285,29,0,29,0,a9afdc0b4feee120f5c3c71f22d84c691ed85ba6,/home/xinrui_shen/vla/runs/adaptive-v2-prereg/adaptive-v2a-formal-heldout-100-a9afdc0-20260828/episodes/adaptive-v2a-h20-to-h1/task_04_seed_1000_state_0.json
held-out,Adaptive-v2a,4,1,1001,7080292117131718250,0,,280,14,8.90727695700025,79.82423823699992,700,420,420,0,0,0.4,20.0,108,0,108,0,a9afdc0b4feee120f5c3c71f22d84c691ed85ba6,/home/xinrui_shen/vla/runs/adaptive-v2-prereg/adaptive-v2a-formal-heldout-100-a9afdc0-20260828/episodes/adaptive-v2a-h20-to-h1/task_04_seed_1001_state_1.json
held-out,Adaptive-v2a,4,2,1002,5725388313321591776,1,123,123,7,4.5315937449995545,42.194455242000004,350,227,210,0,17,0.3514285714285714,17.571428571428573,52,0,52,0,a9afdc0b4feee120f5c3c71f22d84c691ed85ba6,/home/xinrui_shen/vla/runs/adaptive-v2-prereg/adaptive-v2a-formal-heldout-100-a9afdc0-20260828/episodes/adaptive-v2a-h20-to-h1/task_04_seed_1002_state_2.json
held-out,Adaptive-v2a,4,3,1003,1823795299109034549,1,131,131,7,3.943196983001144,43.66151807099959,350,219,210,0,9,0.3742857142857143,18.714285714285715,45,0,45,0,a9afdc0b4feee120f5c3c71f22d84c691ed85ba6,/home/xinrui_shen/vla/runs/adaptive-v2-prereg/adaptive-v2a-formal-heldout-100-a9afdc0-20260828/episodes/adaptive-v2a-h20-to-h1/task_04_seed_1003_state_3.json
held-out,Adaptive-v2a,4,4,1004,2103888034047394911,1,140,140,7,4.184774036000817,46.499807922999935,350,210,210,0,0,0.4,20.0,40,0,40,0,a9afdc0b4feee120f5c3c71f22d84c691ed85ba6,/home/xinrui_shen/vla/runs/adaptive-v2-prereg/adaptive-v2a-formal-heldout-100-a9afdc0-20260828/episodes/adaptive-v2a-h20-to-h1/task_04_seed_1004_state_4.json
held-out,Adaptive-v2a,5,0,1000,2763858654100076872,1,100,100,5,4.072937725999509,37.17150863699953,250,150,150,0,0,0.4,20.0,37,0,37,0,a9afdc0b4feee120f5c3c71f22d84c691ed85ba6,/home/xinrui_shen/vla/runs/adaptive-v2-prereg/adaptive-v2a-formal-heldout-100-a9afdc0-20260828/episodes/adaptive-v2a-h20-to-h1/task_05_seed_1000_state_0.json
held-out,Adaptive-v2a,5,1,1001,5118964524001075007,0,,280,14,8.432694514002833,86.85146607499973,700,420,420,0,0,0.4,20.0,42,0,42,0,a9afdc0b4feee120f5c3c71f22d84c691ed85ba6,/home/xinrui_shen/vla/runs/adaptive-v2-prereg/adaptive-v2a-formal-heldout-100-a9afdc0-20260828/episodes/adaptive-v2a-h20-to-h1/task_05_seed_1001_state_1.json
held-out,Adaptive-v2a,5,2,1002,8553034178515704562,1,83,83,5,3.170984451999175,32.86221130099966,250,167,150,0,17,0.332,16.6,38,0,38,0,a9afdc0b4feee120f5c3c71f22d84c691ed85ba6,/home/xinrui_shen/vla/runs/adaptive-v2-prereg/adaptive-v2a-formal-heldout-100-a9afdc0-20260828/episodes/adaptive-v2a-h20-to-h1/task_05_seed_1002_state_2.json
held-out,Adaptive-v2a,5,3,1003,4111564543882805119,1,91,91,5,3.4860093800007235,35.03734159400028,250,159,150,0,9,0.364,18.2,37,0,37,0,a9afdc0b4feee120f5c3c71f22d84c691ed85ba6,/home/xinrui_shen/vla/runs/adaptive-v2-prereg/adaptive-v2a-formal-heldout-100-a9afdc0-20260828/episodes/adaptive-v2a-h20-to-h1/task_05_seed_1003_state_3.json
held-out,Adaptive-v2a,5,4,1004,6763914550300349308,0,,280,14,7.669483535999461,86.67647348099945,700,420,420,0,0,0.4,20.0,50,0,49,0,a9afdc0b4feee120f5c3c71f22d84c691ed85ba6,/home/xinrui_shen/vla/runs/adaptive-v2-prereg/adaptive-v2a-formal-heldout-100-a9afdc0-20260828/episodes/adaptive-v2a-h20-to-h1/task_05_seed_1004_state_4.json
held-out,Adaptive-v2a,6,0,1000,5283841272158291273,1,97,97,5,3.8090331090006657,35.114174450000064,250,153,150,0,3,0.388,19.4,39,0,37,0,a9afdc0b4feee120f5c3c71f22d84c691ed85ba6,/home/xinrui_shen/vla/runs/adaptive-v2-prereg/adaptive-v2a-formal-heldout-100-a9afdc0-20260828/episodes/adaptive-v2a-h20-to-h1/task_06_seed_1000_state_0.json
held-out,Adaptive-v2a,6,1,1001,5656011380458582149,1,96,96,5,3.7662611900004777,34.732980963000045,250,154,150,0,4,0.384,19.2,27,0,27,0,a9afdc0b4feee120f5c3c71f22d84c691ed85ba6,/home/xinrui_shen/vla/runs/adaptive-v2-prereg/adaptive-v2a-formal-heldout-100-a9afdc0-20260828/episodes/adaptive-v2a-h20-to-h1/task_06_seed_1001_state_1.json
held-out,Adaptive-v2a,6,2,1002,2017313139912986105,1,91,91,5,3.407998724999743,33.27926018599919,250,159,150,0,9,0.364,18.2,13,0,13,0,a9afdc0b4feee120f5c3c71f22d84c691ed85ba6,/home/xinrui_shen/vla/runs/adaptive-v2-prereg/adaptive-v2a-formal-heldout-100-a9afdc0-20260828/episodes/adaptive-v2a-h20-to-h1/task_06_seed_1002_state_2.json
held-out,Adaptive-v2a,6,3,1003,5474343779531818957,1,99,99,5,3.365862336000646,35.075747952999336,250,151,150,0,1,0.396,19.8,25,0,25,0,a9afdc0b4feee120f5c3c71f22d84c691ed85ba6,/home/xinrui_shen/vla/runs/adaptive-v2-prereg/adaptive-v2a-formal-heldout-100-a9afdc0-20260828/episodes/adaptive-v2a-h20-to-h1/task_06_seed_1003_state_3.json
held-out,Adaptive-v2a,6,4,1004,6144766141799476478,0,,280,14,7.468631565999203,83.7584568530001,700,420,420,0,0,0.4,20.0,94,0,94,0,a9afdc0b4feee120f5c3c71f22d84c691ed85ba6,/home/xinrui_shen/vla/runs/adaptive-v2-prereg/adaptive-v2a-formal-heldout-100-a9afdc0-20260828/episodes/adaptive-v2a-h20-to-h1/task_06_seed_1004_state_4.json
held-out,Adaptive-v2a,7,0,1000,7582444156241384260,1,109,109,6,4.139105226000538,41.404766435000056,300,191,180,0,11,0.36333333333333334,18.166666666666668,26,0,26,0,a9afdc0b4feee120f5c3c71f22d84c691ed85ba6,/home/xinrui_shen/vla/runs/adaptive-v2-prereg/adaptive-v2a-formal-heldout-100-a9afdc0-20260828/episodes/adaptive-v2a-h20-to-h1/task_07_seed_1000_state_0.json
held-out,Adaptive-v2a,7,1,1001,2859551762634539757,1,114,114,6,4.057021238001653,44.1936300160005,300,186,180,0,6,0.38,19.0,23,0,23,0,a9afdc0b4feee120f5c3c71f22d84c691ed85ba6,/home/xinrui_shen/vla/runs/adaptive-v2-prereg/adaptive-v2a-formal-heldout-100-a9afdc0-20260828/episodes/adaptive-v2a-h20-to-h1/task_07_seed_1001_state_1.json
held-out,Adaptive-v2a,7,2,1002,7124126077735121377,0,,280,14,7.84407178499805,86.98860366499957,700,420,420,0,0,0.4,20.0,31,0,31,0,a9afdc0b4feee120f5c3c71f22d84c691ed85ba6,/home/xinrui_shen/vla/runs/adaptive-v2-prereg/adaptive-v2a-formal-heldout-100-a9afdc0-20260828/episodes/adaptive-v2a-h20-to-h1/task_07_seed_1002_state_2.json
held-out,Adaptive-v2a,7,3,1003,4465522652347696843,0,,280,14,8.613086354002007,89.09756575599931,700,420,420,0,0,0.4,20.0,60,0,60,0,a9afdc0b4feee120f5c3c71f22d84c691ed85ba6,/home/xinrui_shen/vla/runs/adaptive-v2-prereg/adaptive-v2a-formal-heldout-100-a9afdc0-20260828/episodes/adaptive-v2a-h20-to-h1/task_07_seed_1003_state_3.json
held-out,Adaptive-v2a,7,4,1004,5191216257718550603,1,113,113,6,4.0760158969997065,44.315527692000614,300,187,180,0,7,0.37666666666666665,18.833333333333332,18,0,18,0,a9afdc0b4feee120f5c3c71f22d84c691ed85ba6,/home/xinrui_shen/vla/runs/adaptive-v2-prereg/adaptive-v2a-formal-heldout-100-a9afdc0-20260828/episodes/adaptive-v2a-h20-to-h1/task_07_seed_1004_state_4.json
held-out,Adaptive-v2a,8,0,1000,2874450171059853877,1,87,87,5,3.6428392419993543,35.91651281000031,250,163,150,0,13,0.348,17.4,24,0,24,0,a9afdc0b4feee120f5c3c71f22d84c691ed85ba6,/home/xinrui_shen/vla/runs/adaptive-v2-prereg/adaptive-v2a-formal-heldout-100-a9afdc0-20260828/episodes/adaptive-v2a-h20-to-h1/task_08_seed_1000_state_0.json
held-out,Adaptive-v2a,8,1,1001,8967823311792794665,0,,280,14,8.300758732998474,90.16676432999975,700,420,420,0,0,0.4,20.0,67,0,67,0,a9afdc0b4feee120f5c3c71f22d84c691ed85ba6,/home/xinrui_shen/vla/runs/adaptive-v2-prereg/adaptive-v2a-formal-heldout-100-a9afdc0-20260828/episodes/adaptive-v2a-h20-to-h1/task_08_seed_1001_state_1.json
held-out,Adaptive-v2a,8,2,1002,1602232145382926006,0,,280,14,8.922838908000813,103.00197954500072,700,420,420,0,0,0.4,20.0,67,0,67,0,a9afdc0b4feee120f5c3c71f22d84c691ed85ba6,/home/xinrui_shen/vla/runs/adaptive-v2-prereg/adaptive-v2a-formal-heldout-100-a9afdc0-20260828/episodes/adaptive-v2a-h20-to-h1/task_08_seed_1002_state_2.json
held-out,Adaptive-v2a,8,3,1003,8155921684447130315,1,93,93,5,3.8667839110003115,41.57197832299971,250,157,150,0,7,0.372,18.6,14,0,14,0,a9afdc0b4feee120f5c3c71f22d84c691ed85ba6,/home/xinrui_shen/vla/runs/adaptive-v2-prereg/adaptive-v2a-formal-heldout-100-a9afdc0-20260828/episodes/adaptive-v2a-h20-to-h1/task_08_seed_1003_state_3.json
held-out,Adaptive-v2a,8,4,1004,7800240629340995673,0,,280,14,8.445495690998541,94.2794662260003,700,420,420,0,0,0.4,20.0,39,0,39,0,a9afdc0b4feee120f5c3c71f22d84c691ed85ba6,/home/xinrui_shen/vla/runs/adaptive-v2-prereg/adaptive-v2a-formal-heldout-100-a9afdc0-20260828/episodes/adaptive-v2a-h20-to-h1/task_08_seed_1004_state_4.json
held-out,Adaptive-v2a,9,0,1000,8868845501294387668,1,115,115,6,4.059998905001521,46.31054977700023,300,185,180,0,5,0.38333333333333336,19.166666666666668,26,0,26,0,a9afdc0b4feee120f5c3c71f22d84c691ed85ba6,/home/xinrui_shen/vla/runs/adaptive-v2-prereg/adaptive-v2a-formal-heldout-100-a9afdc0-20260828/episodes/adaptive-v2a-h20-to-h1/task_09_seed_1000_state_0.json
held-out,Adaptive-v2a,9,1,1001,7901327005320798307,0,,280,14,8.518749843000478,96.26519654100048,700,420,420,0,0,0.4,20.0,44,0,44,0,a9afdc0b4feee120f5c3c71f22d84c691ed85ba6,/home/xinrui_shen/vla/runs/adaptive-v2-prereg/adaptive-v2a-formal-heldout-100-a9afdc0-20260828/episodes/adaptive-v2a-h20-to-h1/task_09_seed_1001_state_1.json
held-out,Adaptive-v2a,9,2,1002,6803559208447430688,1,119,119,6,3.9443009009983143,50.13738569400084,300,181,180,0,1,0.39666666666666667,19.833333333333332,32,0,32,0,a9afdc0b4feee120f5c3c71f22d84c691ed85ba6,/home/xinrui_shen/vla/runs/adaptive-v2-prereg/adaptive-v2a-formal-heldout-100-a9afdc0-20260828/episodes/adaptive-v2a-h20-to-h1/task_09_seed_1002_state_2.json
held-out,Adaptive-v2a,9,3,1003,7696687247871279047,1,117,117,6,4.222722413998781,45.860882681000476,300,183,180,0,3,0.39,19.5,12,0,12,0,a9afdc0b4feee120f5c3c71f22d84c691ed85ba6,/home/xinrui_shen/vla/runs/adaptive-v2-prereg/adaptive-v2a-formal-heldout-100-a9afdc0-20260828/episodes/adaptive-v2a-h20-to-h1/task_09_seed_1003_state_3.json
held-out,Adaptive-v2a,9,4,1004,903967910078687512,1,121,121,7,4.639012204999744,48.892932888999894,350,229,210,0,19,0.3457142857142857,17.285714285714285,32,0,32,0,a9afdc0b4feee120f5c3c71f22d84c691ed85ba6,/home/xinrui_shen/vla/runs/adaptive-v2-prereg/adaptive-v2a-formal-heldout-100-a9afdc0-20260828/episodes/adaptive-v2a-h20-to-h1/task_09_seed_1004_state_4.json
held-out,Static-H20,0,0,1000,9037635778626979386,1,77,77,4,11.078749950000201,46.56108280999979,200,123,120,0,3,0.385,19.25,25,0,25,0,a9afdc0b4feee120f5c3c71f22d84c691ed85ba6,/home/xinrui_shen/vla/runs/adaptive-v2-prereg/adaptive-v2a-formal-heldout-100-a9afdc0-20260828/episodes/static-h20/task_00_seed_1000_state_0.json
held-out,Static-H20,0,1,1001,980056247616686888,0,,280,14,19.866217724000307,99.00083583300011,700,420,420,0,0,0.4,20.0,42,4,38,0,a9afdc0b4feee120f5c3c71f22d84c691ed85ba6,/home/xinrui_shen/vla/runs/adaptive-v2-prereg/adaptive-v2a-formal-heldout-100-a9afdc0-20260828/episodes/static-h20/task_00_seed_1001_state_1.json
held-out,Static-H20,0,2,1002,9165237934165890703,0,,280,14,8.065077676000328,73.8621352479995,700,420,420,0,0,0.4,20.0,36,0,36,0,a9afdc0b4feee120f5c3c71f22d84c691ed85ba6,/home/xinrui_shen/vla/runs/adaptive-v2-prereg/adaptive-v2a-formal-heldout-100-a9afdc0-20260828/episodes/static-h20/task_00_seed_1002_state_2.json
held-out,Static-H20,0,3,1003,6507881904581753528,1,70,70,4,2.0520501029996012,25.62114132600027,200,130,120,0,10,0.35,17.5,31,2,29,0,a9afdc0b4feee120f5c3c71f22d84c691ed85ba6,/home/xinrui_shen/vla/runs/adaptive-v2-prereg/adaptive-v2a-formal-heldout-100-a9afdc0-20260828/episodes/static-h20/task_00_seed_1003_state_3.json
held-out,Static-H20,0,4,1004,3530968003558899089,1,73,73,4,3.147879298000589,26.66905044499981,200,127,120,0,7,0.365,18.25,28,0,28,0,a9afdc0b4feee120f5c3c71f22d84c691ed85ba6,/home/xinrui_shen/vla/runs/adaptive-v2-prereg/adaptive-v2a-formal-heldout-100-a9afdc0-20260828/episodes/static-h20/task_00_seed_1004_state_4.json
held-out,Static-H20,1,0,1000,1727553887525316917,1,102,102,6,4.05714872399858,33.62083631099995,300,198,180,0,18,0.34,17.0,14,0,14,0,a9afdc0b4feee120f5c3c71f22d84c691ed85ba6,/home/xinrui_shen/vla/runs/adaptive-v2-prereg/adaptive-v2a-formal-heldout-100-a9afdc0-20260828/episodes/static-h20/task_01_seed_1000_state_0.json
held-out,Static-H20,1,1,1001,7670086622590421292,0,,280,14,7.58352517099911,73.55907692000028,700,420,420,0,0,0.4,20.0,99,0,99,0,a9afdc0b4feee120f5c3c71f22d84c691ed85ba6,/home/xinrui_shen/vla/runs/adaptive-v2-prereg/adaptive-v2a-formal-heldout-100-a9afdc0-20260828/episodes/static-h20/task_01_seed_1001_state_1.json
held-out,Static-H20,1,2,1002,8047570644817091790,1,99,99,5,2.5766121100004966,31.67655855599969,250,151,150,0,1,0.396,19.8,30,0,30,0,a9afdc0b4feee120f5c3c71f22d84c691ed85ba6,/home/xinrui_shen/vla/runs/adaptive-v2-prereg/adaptive-v2a-formal-heldout-100-a9afdc0-20260828/episodes/static-h20/task_01_seed_1002_state_2.json
held-out,Static-H20,1,3,1003,458796222900075735,1,99,99,5,2.8799304479994134,32.26589697500003,250,151,150,0,1,0.396,19.8,23,0,23,0,a9afdc0b4feee120f5c3c71f22d84c691ed85ba6,/home/xinrui_shen/vla/runs/adaptive-v2-prereg/adaptive-v2a-formal-heldout-100-a9afdc0-20260828/episodes/static-h20/task_01_seed_1003_state_3.json
held-out,Static-H20,1,4,1004,3124109915440601454,0,,280,14,7.623093722000704,72.11592915900019,700,420,420,0,0,0.4,20.0,49,0,49,0,a9afdc0b4feee120f5c3c71f22d84c691ed85ba6,/home/xinrui_shen/vla/runs/adaptive-v2-prereg/adaptive-v2a-formal-heldout-100-a9afdc0-20260828/episodes/static-h20/task_01_seed_1004_state_4.json
held-out,Static-H20,2,0,1000,384962468335574601,1,94,94,5,3.2418171379999876,32.41360647300007,250,156,150,0,6,0.376,18.8,9,0,9,0,a9afdc0b4feee120f5c3c71f22d84c691ed85ba6,/home/xinrui_shen/vla/runs/adaptive-v2-prereg/adaptive-v2a-formal-heldout-100-a9afdc0-20260828/episodes/static-h20/task_02_seed_1000_state_0.json
held-out,Static-H20,2,1,1001,378671265934660491,0,,280,14,8.05168078099814,70.07353105099992,700,420,420,0,0,0.4,20.0,49,0,49,0,a9afdc0b4feee120f5c3c71f22d84c691ed85ba6,/home/xinrui_shen/vla/runs/adaptive-v2-prereg/adaptive-v2a-formal-heldout-100-a9afdc0-20260828/episodes/static-h20/task_02_seed_1001_state_1.json
held-out,Static-H20,2,2,1002,70985118551697825,1,97,97,5,2.8090478909998637,32.89605762600013,250,153,150,0,3,0.388,19.4,19,0,19,0,a9afdc0b4feee120f5c3c71f22d84c691ed85ba6,/home/xinrui_shen/vla/runs/adaptive-v2-prereg/adaptive-v2a-formal-heldout-100-a9afdc0-20260828/episodes/static-h20/task_02_seed_1002_state_2.json
held-out,Static-H20,2,3,1003,2467850637148871448,1,89,89,5,2.604334416000256,31.12050147500031,250,161,150,0,11,0.356,17.8,22,0,22,0,a9afdc0b4feee120f5c3c71f22d84c691ed85ba6,/home/xinrui_shen/vla/runs/adaptive-v2-prereg/adaptive-v2a-formal-heldout-100-a9afdc0-20260828/episodes/static-h20/task_02_seed_1003_state_3.json
held-out,Static-H20,2,4,1004,8570480688307088295,1,103,103,6,4.1767092299996875,35.83915038400028,300,197,180,0,17,0.3433333333333333,17.166666666666668,18,0,18,0,a9afdc0b4feee120f5c3c71f22d84c691ed85ba6,/home/xinrui_shen/vla/runs/adaptive-v2-prereg/adaptive-v2a-formal-heldout-100-a9afdc0-20260828/episodes/static-h20/task_02_seed_1004_state_4.json
held-out,Static-H20,3,0,1000,2115062266328042292,0,,280,14,8.401025179997305,74.85100195799987,700,420,420,0,0,0.4,20.0,52,0,52,0,a9afdc0b4feee120f5c3c71f22d84c691ed85ba6,/home/xinrui_shen/vla/runs/adaptive-v2-prereg/adaptive-v2a-formal-heldout-100-a9afdc0-20260828/episodes/static-h20/task_03_seed_1000_state_0.json
held-out,Static-H20,3,1,1001,6443209606989203447,0,,280,14,8.820703908998894,75.46734927700027,700,420,420,0,0,0.4,20.0,37,0,37,0,a9afdc0b4feee120f5c3c71f22d84c691ed85ba6,/home/xinrui_shen/vla/runs/adaptive-v2-prereg/adaptive-v2a-formal-heldout-100-a9afdc0-20260828/episodes/static-h20/task_03_seed_1001_state_1.json
held-out,Static-H20,3,2,1002,942490697977572502,1,77,77,4,2.903986855999392,28.4389215049996,200,123,120,0,3,0.385,19.25,24,0,24,0,a9afdc0b4feee120f5c3c71f22d84c691ed85ba6,/home/xinrui_shen/vla/runs/adaptive-v2-prereg/adaptive-v2a-formal-heldout-100-a9afdc0-20260828/episodes/static-h20/task_03_seed_1002_state_2.json
held-out,Static-H20,3,3,1003,3340764289183902481,1,84,84,5,3.3284036820000438,31.628629542,250,166,150,0,16,0.336,16.8,18,0,18,0,a9afdc0b4feee120f5c3c71f22d84c691ed85ba6,/home/xinrui_shen/vla/runs/adaptive-v2-prereg/adaptive-v2a-formal-heldout-100-a9afdc0-20260828/episodes/static-h20/task_03_seed_1003_state_3.json
held-out,Static-H20,3,4,1004,2275474889922570626,1,79,79,4,2.9735556130008263,28.74116318399956,200,121,120,0,1,0.395,19.75,31,2,29,0,a9afdc0b4feee120f5c3c71f22d84c691ed85ba6,/home/xinrui_shen/vla/runs/adaptive-v2-prereg/adaptive-v2a-formal-heldout-100-a9afdc0-20260828/episodes/static-h20/task_03_seed_1004_state_4.json
held-out,Static-H20,4,0,1000,7001785493219244563,1,128,128,7,4.403638379000313,41.455587253999965,350,222,210,0,12,0.3657142857142857,18.285714285714285,29,0,29,0,a9afdc0b4feee120f5c3c71f22d84c691ed85ba6,/home/xinrui_shen/vla/runs/adaptive-v2-prereg/adaptive-v2a-formal-heldout-100-a9afdc0-20260828/episodes/static-h20/task_04_seed_1000_state_0.json
held-out,Static-H20,4,1,1001,7080292117131718250,0,,280,14,8.711241125000015,78.80865506600003,700,420,420,0,0,0.4,20.0,108,0,108,0,a9afdc0b4feee120f5c3c71f22d84c691ed85ba6,/home/xinrui_shen/vla/runs/adaptive-v2-prereg/adaptive-v2a-formal-heldout-100-a9afdc0-20260828/episodes/static-h20/task_04_seed_1001_state_1.json
held-out,Static-H20,4,2,1002,5725388313321591776,1,123,123,7,4.458294317000764,41.01160588399944,350,227,210,0,17,0.3514285714285714,17.571428571428573,52,0,52,0,a9afdc0b4feee120f5c3c71f22d84c691ed85ba6,/home/xinrui_shen/vla/runs/adaptive-v2-prereg/adaptive-v2a-formal-heldout-100-a9afdc0-20260828/episodes/static-h20/task_04_seed_1002_state_2.json
held-out,Static-H20,4,3,1003,1823795299109034549,1,131,131,7,3.9848883489999025,41.65409711899974,350,219,210,0,9,0.3742857142857143,18.714285714285715,45,0,45,0,a9afdc0b4feee120f5c3c71f22d84c691ed85ba6,/home/xinrui_shen/vla/runs/adaptive-v2-prereg/adaptive-v2a-formal-heldout-100-a9afdc0-20260828/episodes/static-h20/task_04_seed_1003_state_3.json
held-out,Static-H20,4,4,1004,2103888034047394911,1,140,140,7,3.7674734800002625,43.813014962000125,350,210,210,0,0,0.4,20.0,40,0,40,0,a9afdc0b4feee120f5c3c71f22d84c691ed85ba6,/home/xinrui_shen/vla/runs/adaptive-v2-prereg/adaptive-v2a-formal-heldout-100-a9afdc0-20260828/episodes/static-h20/task_04_seed_1004_state_4.json
held-out,Static-H20,5,0,1000,2763858654100076872,1,100,100,5,4.276096214000063,36.91722791199936,250,150,150,0,0,0.4,20.0,37,0,37,0,a9afdc0b4feee120f5c3c71f22d84c691ed85ba6,/home/xinrui_shen/vla/runs/adaptive-v2-prereg/adaptive-v2a-formal-heldout-100-a9afdc0-20260828/episodes/static-h20/task_05_seed_1000_state_0.json
held-out,Static-H20,5,1,1001,5118964524001075007,0,,280,14,9.327924761999384,82.8618190279999,700,420,420,0,0,0.4,20.0,42,0,42,0,a9afdc0b4feee120f5c3c71f22d84c691ed85ba6,/home/xinrui_shen/vla/runs/adaptive-v2-prereg/adaptive-v2a-formal-heldout-100-a9afdc0-20260828/episodes/static-h20/task_05_seed_1001_state_1.json
held-out,Static-H20,5,2,1002,8553034178515704562,1,83,83,5,3.4236899489997086,32.71183241400013,250,167,150,0,17,0.332,16.6,38,0,38,0,a9afdc0b4feee120f5c3c71f22d84c691ed85ba6,/home/xinrui_shen/vla/runs/adaptive-v2-prereg/adaptive-v2a-formal-heldout-100-a9afdc0-20260828/episodes/static-h20/task_05_seed_1002_state_2.json
held-out,Static-H20,5,3,1003,4111564543882805119,1,91,91,5,3.4333962940004312,33.40624898399983,250,159,150,0,9,0.364,18.2,37,0,37,0,a9afdc0b4feee120f5c3c71f22d84c691ed85ba6,/home/xinrui_shen/vla/runs/adaptive-v2-prereg/adaptive-v2a-formal-heldout-100-a9afdc0-20260828/episodes/static-h20/task_05_seed_1003_state_3.json
held-out,Static-H20,5,4,1004,6763914550300349308,0,,280,14,8.662465671000973,83.62251521599956,700,420,420,0,0,0.4,20.0,50,1,49,0,a9afdc0b4feee120f5c3c71f22d84c691ed85ba6,/home/xinrui_shen/vla/runs/adaptive-v2-prereg/adaptive-v2a-formal-heldout-100-a9afdc0-20260828/episodes/static-h20/task_05_seed_1004_state_4.json
held-out,Static-H20,6,0,1000,5283841272158291273,1,97,97,5,3.5102136629993765,32.912445575999755,250,153,150,0,3,0.388,19.4,39,2,37,0,a9afdc0b4feee120f5c3c71f22d84c691ed85ba6,/home/xinrui_shen/vla/runs/adaptive-v2-prereg/adaptive-v2a-formal-heldout-100-a9afdc0-20260828/episodes/static-h20/task_06_seed_1000_state_0.json
held-out,Static-H20,6,1,1001,5656011380458582149,1,96,96,5,3.474481018998631,33.201002961000995,250,154,150,0,4,0.384,19.2,27,0,27,0,a9afdc0b4feee120f5c3c71f22d84c691ed85ba6,/home/xinrui_shen/vla/runs/adaptive-v2-prereg/adaptive-v2a-formal-heldout-100-a9afdc0-20260828/episodes/static-h20/task_06_seed_1001_state_1.json
held-out,Static-H20,6,2,1002,2017313139912986105,1,91,91,5,3.419721247999405,31.652055517999543,250,159,150,0,9,0.364,18.2,13,0,13,0,a9afdc0b4feee120f5c3c71f22d84c691ed85ba6,/home/xinrui_shen/vla/runs/adaptive-v2-prereg/adaptive-v2a-formal-heldout-100-a9afdc0-20260828/episodes/static-h20/task_06_seed_1002_state_2.json
held-out,Static-H20,6,3,1003,5474343779531818957,1,99,99,5,3.2715506270001242,32.962467511999876,250,151,150,0,1,0.396,19.8,25,0,25,0,a9afdc0b4feee120f5c3c71f22d84c691ed85ba6,/home/xinrui_shen/vla/runs/adaptive-v2-prereg/adaptive-v2a-formal-heldout-100-a9afdc0-20260828/episodes/static-h20/task_06_seed_1003_state_3.json
held-out,Static-H20,6,4,1004,6144766141799476478,0,,280,14,7.614135535997775,79.50413951900009,700,420,420,0,0,0.4,20.0,94,0,94,0,a9afdc0b4feee120f5c3c71f22d84c691ed85ba6,/home/xinrui_shen/vla/runs/adaptive-v2-prereg/adaptive-v2a-formal-heldout-100-a9afdc0-20260828/episodes/static-h20/task_06_seed_1004_state_4.json
held-out,Static-H20,7,0,1000,7582444156241384260,1,109,109,6,4.022957433000556,38.359807917000126,300,191,180,0,11,0.36333333333333334,18.166666666666668,26,0,26,0,a9afdc0b4feee120f5c3c71f22d84c691ed85ba6,/home/xinrui_shen/vla/runs/adaptive-v2-prereg/adaptive-v2a-formal-heldout-100-a9afdc0-20260828/episodes/static-h20/task_07_seed_1000_state_0.json
held-out,Static-H20,7,1,1001,2859551762634539757,1,114,114,6,4.050346780000837,40.430598418000955,300,186,180,0,6,0.38,19.0,23,0,23,0,a9afdc0b4feee120f5c3c71f22d84c691ed85ba6,/home/xinrui_shen/vla/runs/adaptive-v2-prereg/adaptive-v2a-formal-heldout-100-a9afdc0-20260828/episodes/static-h20/task_07_seed_1001_state_1.json
held-out,Static-H20,7,2,1002,7124126077735121377,0,,280,14,8.374450985999829,80.48223290700025,700,420,420,0,0,0.4,20.0,31,0,31,0,a9afdc0b4feee120f5c3c71f22d84c691ed85ba6,/home/xinrui_shen/vla/runs/adaptive-v2-prereg/adaptive-v2a-formal-heldout-100-a9afdc0-20260828/episodes/static-h20/task_07_seed_1002_state_2.json
held-out,Static-H20,7,3,1003,4465522652347696843,0,,280,14,8.324797590004891,81.62456397200003,700,420,420,0,0,0.4,20.0,60,0,60,0,a9afdc0b4feee120f5c3c71f22d84c691ed85ba6,/home/xinrui_shen/vla/runs/adaptive-v2-prereg/adaptive-v2a-formal-heldout-100-a9afdc0-20260828/episodes/static-h20/task_07_seed_1003_state_3.json
held-out,Static-H20,7,4,1004,5191216257718550603,1,113,113,6,3.797904089004078,40.84254197500013,300,187,180,0,7,0.37666666666666665,18.833333333333332,18,0,18,0,a9afdc0b4feee120f5c3c71f22d84c691ed85ba6,/home/xinrui_shen/vla/runs/adaptive-v2-prereg/adaptive-v2a-formal-heldout-100-a9afdc0-20260828/episodes/static-h20/task_07_seed_1004_state_4.json
held-out,Static-H20,8,0,1000,2874450171059853877,1,87,87,5,3.563941332002287,33.64941504000126,250,163,150,0,13,0.348,17.4,24,0,24,0,a9afdc0b4feee120f5c3c71f22d84c691ed85ba6,/home/xinrui_shen/vla/runs/adaptive-v2-prereg/adaptive-v2a-formal-heldout-100-a9afdc0-20260828/episodes/static-h20/task_08_seed_1000_state_0.json
held-out,Static-H20,8,1,1001,8967823311792794665,0,,280,14,8.529959911999867,82.72420656700024,700,420,420,0,0,0.4,20.0,67,0,67,0,a9afdc0b4feee120f5c3c71f22d84c691ed85ba6,/home/xinrui_shen/vla/runs/adaptive-v2-prereg/adaptive-v2a-formal-heldout-100-a9afdc0-20260828/episodes/static-h20/task_08_seed_1001_state_1.json
held-out,Static-H20,8,2,1002,1602232145382926006,0,,280,14,9.10419881199914,85.62176353099994,700,420,420,0,0,0.4,20.0,67,0,67,0,a9afdc0b4feee120f5c3c71f22d84c691ed85ba6,/home/xinrui_shen/vla/runs/adaptive-v2-prereg/adaptive-v2a-formal-heldout-100-a9afdc0-20260828/episodes/static-h20/task_08_seed_1002_state_2.json
held-out,Static-H20,8,3,1003,8155921684447130315,1,93,93,5,3.5370281560003605,34.41350463800018,250,157,150,0,7,0.372,18.6,14,0,14,0,a9afdc0b4feee120f5c3c71f22d84c691ed85ba6,/home/xinrui_shen/vla/runs/adaptive-v2-prereg/adaptive-v2a-formal-heldout-100-a9afdc0-20260828/episodes/static-h20/task_08_seed_1003_state_3.json
held-out,Static-H20,8,4,1004,7800240629340995673,0,,280,14,7.48752917999991,84.08479775699925,700,420,420,0,0,0.4,20.0,39,0,39,0,a9afdc0b4feee120f5c3c71f22d84c691ed85ba6,/home/xinrui_shen/vla/runs/adaptive-v2-prereg/adaptive-v2a-formal-heldout-100-a9afdc0-20260828/episodes/static-h20/task_08_seed_1004_state_4.json
held-out,Static-H20,9,0,1000,8868845501294387668,1,115,115,6,3.9648641210001188,41.52195209699994,300,185,180,0,5,0.38333333333333336,19.166666666666668,26,0,26,0,a9afdc0b4feee120f5c3c71f22d84c691ed85ba6,/home/xinrui_shen/vla/runs/adaptive-v2-prereg/adaptive-v2a-formal-heldout-100-a9afdc0-20260828/episodes/static-h20/task_09_seed_1000_state_0.json
held-out,Static-H20,9,1,1001,7901327005320798307,0,,280,14,8.45139664999806,86.51562296099837,700,420,420,0,0,0.4,20.0,44,0,44,0,a9afdc0b4feee120f5c3c71f22d84c691ed85ba6,/home/xinrui_shen/vla/runs/adaptive-v2-prereg/adaptive-v2a-formal-heldout-100-a9afdc0-20260828/episodes/static-h20/task_09_seed_1001_state_1.json
held-out,Static-H20,9,2,1002,6803559208447430688,1,119,119,6,4.404512250997868,44.644302960999994,300,181,180,0,1,0.39666666666666667,19.833333333333332,32,0,32,0,a9afdc0b4feee120f5c3c71f22d84c691ed85ba6,/home/xinrui_shen/vla/runs/adaptive-v2-prereg/adaptive-v2a-formal-heldout-100-a9afdc0-20260828/episodes/static-h20/task_09_seed_1002_state_2.json
held-out,Static-H20,9,3,1003,7696687247871279047,1,117,117,6,3.951626681000562,41.44065256699969,300,183,180,0,3,0.39,19.5,12,0,12,0,a9afdc0b4feee120f5c3c71f22d84c691ed85ba6,/home/xinrui_shen/vla/runs/adaptive-v2-prereg/adaptive-v2a-formal-heldout-100-a9afdc0-20260828/episodes/static-h20/task_09_seed_1003_state_3.json
held-out,Static-H20,9,4,1004,903967910078687512,1,121,121,7,4.369515669000066,44.348379486999875,350,229,210,0,19,0.3457142857142857,17.285714285714285,32,0,32,0,a9afdc0b4feee120f5c3c71f22d84c691ed85ba6,/home/xinrui_shen/vla/runs/adaptive-v2-prereg/adaptive-v2a-formal-heldout-100-a9afdc0-20260828/episodes/static-h20/task_09_seed_1004_state_4.json
