condition,task_id,seed,initial_state_id,environment_seed,inference_seed,success_at_280,success_step,executed_env_steps,wall_time_to_terminal_s,model_invocations,model_inference_time_s,range_violations,range_clips,buffer_discards,mean_actual_horizon,action_trace_sha256,termination_reason,git_sha,resolved_config_path
Static-H1,0,1000,0,1000,7291560000556540053,False,,280,156.64145113699487,280,97.81846168101765,15,15,0,1.0,099a959cc57be4642f02da3a56a37e3698eaee12047248051b7d925c7447dd38,max_steps,e870c38eb025b942dca13e04de73c6cd595c4821,/mnt/d/VLA/msc26-vla/runs/pilot-final-preflight-deterministic-20260825/resolved_config.json
Static-H1,0,1001,1,1001,5423831692597276035,False,,280,159.66713576900656,280,100.70445613496122,26,26,0,1.0,8096b55f77337021cf1594aeef308e2c24042c7cb68004ac31b6a42bde3fd4db,max_steps,e870c38eb025b942dca13e04de73c6cd595c4821,/mnt/d/VLA/msc26-vla/runs/pilot-final-preflight-deterministic-20260825/resolved_config.json
Static-H1,0,1002,2,1002,2375001413206966694,False,,280,142.34930530599377,280,86.9625106411113,14,14,0,1.0,42cfa16f232e6449b36fa3599eabb1b3f390866fcd351f3305a3a1784d5d66e9,max_steps,e870c38eb025b942dca13e04de73c6cd595c4821,/mnt/d/VLA/msc26-vla/runs/pilot-final-preflight-deterministic-20260825/resolved_config.json
Static-H1,0,1003,3,1003,4270611907575412332,False,,280,143.66686273401137,280,86.48907153999608,8,8,0,1.0,cde1ddb2a9b92ab5a5426bf31d2b050df0f1ceb64ae5e6920e0f0ea1cf53ead6,max_steps,e870c38eb025b942dca13e04de73c6cd595c4821,/mnt/d/VLA/msc26-vla/runs/pilot-final-preflight-deterministic-20260825/resolved_config.json
Static-H1,0,1004,4,1004,839877525152245279,False,,280,148.67980008899758,280,86.55858789403283,18,18,0,1.0,f53d5097c1a721acda47f96ac778966b0a95aefdb9d1476b42285c4b289ea170,max_steps,e870c38eb025b942dca13e04de73c6cd595c4821,/mnt/d/VLA/msc26-vla/runs/pilot-final-preflight-deterministic-20260825/resolved_config.json
Static-H1,1,1000,0,1000,7380877101995076934,False,,280,149.69484262399783,280,89.54613198012521,18,18,0,1.0,084df8f7f6ba91681e9846ac52110c475b1eb0bb3066003945e33846e7836afc,max_steps,e870c38eb025b942dca13e04de73c6cd595c4821,/mnt/d/VLA/msc26-vla/runs/pilot-final-preflight-deterministic-20260825/resolved_config.json
Static-H1,1,1001,1,1001,785292248529111346,False,,280,149.93746757799818,280,88.21229339393904,15,15,0,1.0,bf3588ec98040710ecd986097b9b88d331323742b2339bc0bb8921a9d92184b2,max_steps,e870c38eb025b942dca13e04de73c6cd595c4821,/mnt/d/VLA/msc26-vla/runs/pilot-final-preflight-deterministic-20260825/resolved_config.json
Static-H1,1,1002,2,1002,8319009757324386309,False,,280,148.48571362499206,280,86.61699791703722,61,61,0,1.0,b284aaaad4a70c7dbcb58d5c8fc882746ee8f867d224caf3342a436eae5b111f,max_steps,e870c38eb025b942dca13e04de73c6cd595c4821,/mnt/d/VLA/msc26-vla/runs/pilot-final-preflight-deterministic-20260825/resolved_config.json
Static-H1,1,1003,3,1003,6993734918692727842,False,,280,145.96930233699095,280,86.87574338899867,29,29,0,1.0,23fb104107ced69526ead98e61db0ad0656e6514255e778c1d9a286b52ce1f90,max_steps,e870c38eb025b942dca13e04de73c6cd595c4821,/mnt/d/VLA/msc26-vla/runs/pilot-final-preflight-deterministic-20260825/resolved_config.json
Static-H1,1,1004,4,1004,4768231714663301246,False,,280,147.90209240699187,280,87.07192416788894,24,24,0,1.0,0ac0bca4e7b92a9f1e585b4f547f307cb592d7f67e23d21d33f66e15c865328b,max_steps,e870c38eb025b942dca13e04de73c6cd595c4821,/mnt/d/VLA/msc26-vla/runs/pilot-final-preflight-deterministic-20260825/resolved_config.json
Static-H1,2,1000,0,1000,4405198951258256139,False,,280,154.83112645499932,280,93.16860074900615,24,24,0,1.0,b515fb9e80341692718fb97ace0826cef80c043bbaa520d2a61ccf6bfba43d53,max_steps,e870c38eb025b942dca13e04de73c6cd595c4821,/mnt/d/VLA/msc26-vla/runs/pilot-final-preflight-deterministic-20260825/resolved_config.json
Static-H1,2,1001,1,1001,4043387461487274640,False,,280,147.03577709499223,280,86.31977798798471,60,60,0,1.0,c24824f0a9ca58343cdc1c10b400bc800a76ada459aa6c2ca22ae3320cb401f5,max_steps,e870c38eb025b942dca13e04de73c6cd595c4821,/mnt/d/VLA/msc26-vla/runs/pilot-final-preflight-deterministic-20260825/resolved_config.json
Static-H1,2,1002,2,1002,9103535555776948696,,,,,,,,,,,,not_started_dry_run,e870c38eb025b942dca13e04de73c6cd595c4821,/mnt/d/VLA/msc26-vla/runs/pilot-final-preflight-deterministic-20260825/resolved_config.json
Static-H1,2,1003,3,1003,2166568339062684596,,,,,,,,,,,,not_started_dry_run,e870c38eb025b942dca13e04de73c6cd595c4821,/mnt/d/VLA/msc26-vla/runs/pilot-final-preflight-deterministic-20260825/resolved_config.json
Static-H1,2,1004,4,1004,5815502219292240428,,,,,,,,,,,,not_started_dry_run,e870c38eb025b942dca13e04de73c6cd595c4821,/mnt/d/VLA/msc26-vla/runs/pilot-final-preflight-deterministic-20260825/resolved_config.json
Static-H1,3,1000,0,1000,872139382400650529,True,96,96,53.24566680200223,96,30.00010711896175,31,31,0,1.0,9db66650ecfa32a80f4484aa13d26522c1b347f119445e2f8143e43c7ddf0add,success,e870c38eb025b942dca13e04de73c6cd595c4821,/mnt/d/VLA/msc26-vla/runs/pilot-final-preflight-deterministic-20260825/resolved_config.json
Static-H1,3,1001,1,1001,8367772792250325226,,,,,,,,,,,,not_started_dry_run,e870c38eb025b942dca13e04de73c6cd595c4821,/mnt/d/VLA/msc26-vla/runs/pilot-final-preflight-deterministic-20260825/resolved_config.json
Static-H1,3,1002,2,1002,6816212165976561234,,,,,,,,,,,,not_started_dry_run,e870c38eb025b942dca13e04de73c6cd595c4821,/mnt/d/VLA/msc26-vla/runs/pilot-final-preflight-deterministic-20260825/resolved_config.json
Static-H1,3,1003,3,1003,547466004784815430,,,,,,,,,,,,not_started_dry_run,e870c38eb025b942dca13e04de73c6cd595c4821,/mnt/d/VLA/msc26-vla/runs/pilot-final-preflight-deterministic-20260825/resolved_config.json
Static-H1,3,1004,4,1004,7323120285149477339,,,,,,,,,,,,not_started_dry_run,e870c38eb025b942dca13e04de73c6cd595c4821,/mnt/d/VLA/msc26-vla/runs/pilot-final-preflight-deterministic-20260825/resolved_config.json
Static-H1,4,1000,0,1000,8513169697475700089,False,,280,144.20521185999678,280,87.44257711505634,53,53,0,1.0,4f3049999b16569a60e3d73af400d3791436264e7d1439706c5227a50bb3cb06,max_steps,e870c38eb025b942dca13e04de73c6cd595c4821,/mnt/d/VLA/msc26-vla/runs/pilot-final-preflight-deterministic-20260825/resolved_config.json
Static-H1,4,1001,1,1001,3469257450944538572,,,,,,,,,,,,not_started_dry_run,e870c38eb025b942dca13e04de73c6cd595c4821,/mnt/d/VLA/msc26-vla/runs/pilot-final-preflight-deterministic-20260825/resolved_config.json
Static-H1,4,1002,2,1002,5572084660172881480,,,,,,,,,,,,not_started_dry_run,e870c38eb025b942dca13e04de73c6cd595c4821,/mnt/d/VLA/msc26-vla/runs/pilot-final-preflight-deterministic-20260825/resolved_config.json
Static-H1,4,1003,3,1003,402975405451108653,,,,,,,,,,,,not_started_dry_run,e870c38eb025b942dca13e04de73c6cd595c4821,/mnt/d/VLA/msc26-vla/runs/pilot-final-preflight-deterministic-20260825/resolved_config.json
Static-H1,4,1004,4,1004,8905480769858965570,,,,,,,,,,,,not_started_dry_run,e870c38eb025b942dca13e04de73c6cd595c4821,/mnt/d/VLA/msc26-vla/runs/pilot-final-preflight-deterministic-20260825/resolved_config.json
Static-H1,5,1000,0,1000,6660030712243819836,False,,280,152.33424432200263,280,90.84030488485587,44,44,0,1.0,d35114f5acd7c19e76bbfd89dcfc49fe80de7b5da7f74aa7eec640e1a1b0e2f8,max_steps,e870c38eb025b942dca13e04de73c6cd595c4821,/mnt/d/VLA/msc26-vla/runs/pilot-final-preflight-deterministic-20260825/resolved_config.json
Static-H1,5,1001,1,1001,9089024622675674847,,,,,,,,,,,,not_started_dry_run,e870c38eb025b942dca13e04de73c6cd595c4821,/mnt/d/VLA/msc26-vla/runs/pilot-final-preflight-deterministic-20260825/resolved_config.json
Static-H1,5,1002,2,1002,6434700622396312420,,,,,,,,,,,,not_started_dry_run,e870c38eb025b942dca13e04de73c6cd595c4821,/mnt/d/VLA/msc26-vla/runs/pilot-final-preflight-deterministic-20260825/resolved_config.json
Static-H1,5,1003,3,1003,6050195505808188584,,,,,,,,,,,,not_started_dry_run,e870c38eb025b942dca13e04de73c6cd595c4821,/mnt/d/VLA/msc26-vla/runs/pilot-final-preflight-deterministic-20260825/resolved_config.json
Static-H1,5,1004,4,1004,148506301758857801,,,,,,,,,,,,not_started_dry_run,e870c38eb025b942dca13e04de73c6cd595c4821,/mnt/d/VLA/msc26-vla/runs/pilot-final-preflight-deterministic-20260825/resolved_config.json
Static-H1,6,1000,0,1000,6997229937442983994,True,147,147,79.85694081601105,147,46.74770652904408,59,59,0,1.0,8f2d19bd0e9ed44da01f10ada44087793a780b6844d7c15ba5f20b1ef905bd59,success,e870c38eb025b942dca13e04de73c6cd595c4821,/mnt/d/VLA/msc26-vla/runs/pilot-final-preflight-deterministic-20260825/resolved_config.json
Static-H1,6,1001,1,1001,1260626615688585010,,,,,,,,,,,,not_started_dry_run,e870c38eb025b942dca13e04de73c6cd595c4821,/mnt/d/VLA/msc26-vla/runs/pilot-final-preflight-deterministic-20260825/resolved_config.json
Static-H1,6,1002,2,1002,589902366963284891,,,,,,,,,,,,not_started_dry_run,e870c38eb025b942dca13e04de73c6cd595c4821,/mnt/d/VLA/msc26-vla/runs/pilot-final-preflight-deterministic-20260825/resolved_config.json
Static-H1,6,1003,3,1003,8109541093867328847,,,,,,,,,,,,not_started_dry_run,e870c38eb025b942dca13e04de73c6cd595c4821,/mnt/d/VLA/msc26-vla/runs/pilot-final-preflight-deterministic-20260825/resolved_config.json
Static-H1,6,1004,4,1004,6634218549427139172,,,,,,,,,,,,not_started_dry_run,e870c38eb025b942dca13e04de73c6cd595c4821,/mnt/d/VLA/msc26-vla/runs/pilot-final-preflight-deterministic-20260825/resolved_config.json
Static-H1,7,1000,0,1000,5560803851283768854,False,,280,156.52651561200037,280,88.61237029504264,108,108,0,1.0,eff8991c2a15606e3b2fc102d981946d6be419e6936453f27c53bba2ebed76e6,max_steps,e870c38eb025b942dca13e04de73c6cd595c4821,/mnt/d/VLA/msc26-vla/runs/pilot-final-preflight-deterministic-20260825/resolved_config.json
Static-H1,7,1001,1,1001,5089618222436797426,,,,,,,,,,,,not_started_dry_run,e870c38eb025b942dca13e04de73c6cd595c4821,/mnt/d/VLA/msc26-vla/runs/pilot-final-preflight-deterministic-20260825/resolved_config.json
Static-H1,7,1002,2,1002,1975631248050398168,,,,,,,,,,,,not_started_dry_run,e870c38eb025b942dca13e04de73c6cd595c4821,/mnt/d/VLA/msc26-vla/runs/pilot-final-preflight-deterministic-20260825/resolved_config.json
Static-H1,7,1003,3,1003,2168073338465533807,,,,,,,,,,,,not_started_dry_run,e870c38eb025b942dca13e04de73c6cd595c4821,/mnt/d/VLA/msc26-vla/runs/pilot-final-preflight-deterministic-20260825/resolved_config.json
Static-H1,7,1004,4,1004,7750479823927747336,,,,,,,,,,,,not_started_dry_run,e870c38eb025b942dca13e04de73c6cd595c4821,/mnt/d/VLA/msc26-vla/runs/pilot-final-preflight-deterministic-20260825/resolved_config.json
Static-H1,8,1000,0,1000,2480725720429303213,False,,280,144.79361963599513,280,87.75591262897069,34,34,0,1.0,95b3851e277f268532087ce6511d0dca49d3148b21723ee14df9c77b0b6df225,max_steps,e870c38eb025b942dca13e04de73c6cd595c4821,/mnt/d/VLA/msc26-vla/runs/pilot-final-preflight-deterministic-20260825/resolved_config.json
Static-H1,8,1001,1,1001,7491216410967156604,,,,,,,,,,,,not_started_dry_run,e870c38eb025b942dca13e04de73c6cd595c4821,/mnt/d/VLA/msc26-vla/runs/pilot-final-preflight-deterministic-20260825/resolved_config.json
Static-H1,8,1002,2,1002,6548894511804397145,,,,,,,,,,,,not_started_dry_run,e870c38eb025b942dca13e04de73c6cd595c4821,/mnt/d/VLA/msc26-vla/runs/pilot-final-preflight-deterministic-20260825/resolved_config.json
Static-H1,8,1003,3,1003,8744096324536139809,,,,,,,,,,,,not_started_dry_run,e870c38eb025b942dca13e04de73c6cd595c4821,/mnt/d/VLA/msc26-vla/runs/pilot-final-preflight-deterministic-20260825/resolved_config.json
Static-H1,8,1004,4,1004,415862067894842786,,,,,,,,,,,,not_started_dry_run,e870c38eb025b942dca13e04de73c6cd595c4821,/mnt/d/VLA/msc26-vla/runs/pilot-final-preflight-deterministic-20260825/resolved_config.json
Static-H1,9,1000,0,1000,4032145136358586291,False,,280,145.4288242360053,280,87.82032546112896,45,45,0,1.0,604597ac46426728107b9bd08e23da2caf82d4556bd495421a0327b3b84269c3,max_steps,e870c38eb025b942dca13e04de73c6cd595c4821,/mnt/d/VLA/msc26-vla/runs/pilot-final-preflight-deterministic-20260825/resolved_config.json
Static-H1,9,1001,1,1001,1252945996683820954,,,,,,,,,,,,not_started_dry_run,e870c38eb025b942dca13e04de73c6cd595c4821,/mnt/d/VLA/msc26-vla/runs/pilot-final-preflight-deterministic-20260825/resolved_config.json
Static-H1,9,1002,2,1002,4162912720903608682,,,,,,,,,,,,not_started_dry_run,e870c38eb025b942dca13e04de73c6cd595c4821,/mnt/d/VLA/msc26-vla/runs/pilot-final-preflight-deterministic-20260825/resolved_config.json
Static-H1,9,1003,3,1003,4173967112482337571,,,,,,,,,,,,not_started_dry_run,e870c38eb025b942dca13e04de73c6cd595c4821,/mnt/d/VLA/msc26-vla/runs/pilot-final-preflight-deterministic-20260825/resolved_config.json
Static-H1,9,1004,4,1004,5437976892542091246,,,,,,,,,,,,not_started_dry_run,e870c38eb025b942dca13e04de73c6cd595c4821,/mnt/d/VLA/msc26-vla/runs/pilot-final-preflight-deterministic-20260825/resolved_config.json
Static-H5,0,1000,0,1000,7291560000556540053,False,,280,80.69254525299766,56,21.213821775992983,25,25,0,5.0,c5c271f824218429a80af82be008ba6a8d2dc7a8bfa6115f1917ca079068c380,max_steps,e870c38eb025b942dca13e04de73c6cd595c4821,/mnt/d/VLA/msc26-vla/runs/pilot-final-preflight-deterministic-20260825/resolved_config.json
Static-H5,0,1001,1,1001,5423831692597276035,,,,,,,,,,,,not_started_dry_run,e870c38eb025b942dca13e04de73c6cd595c4821,/mnt/d/VLA/msc26-vla/runs/pilot-final-preflight-deterministic-20260825/resolved_config.json
Static-H5,0,1002,2,1002,2375001413206966694,,,,,,,,,,,,not_started_dry_run,e870c38eb025b942dca13e04de73c6cd595c4821,/mnt/d/VLA/msc26-vla/runs/pilot-final-preflight-deterministic-20260825/resolved_config.json
Static-H5,0,1003,3,1003,4270611907575412332,,,,,,,,,,,,not_started_dry_run,e870c38eb025b942dca13e04de73c6cd595c4821,/mnt/d/VLA/msc26-vla/runs/pilot-final-preflight-deterministic-20260825/resolved_config.json
Static-H5,0,1004,4,1004,839877525152245279,,,,,,,,,,,,not_started_dry_run,e870c38eb025b942dca13e04de73c6cd595c4821,/mnt/d/VLA/msc26-vla/runs/pilot-final-preflight-deterministic-20260825/resolved_config.json
Static-H5,1,1000,0,1000,7380877101995076934,False,,280,80.82716077199439,56,20.956113296051626,47,47,0,5.0,90e979dfc3bb30ea38a6d5c2bc67411cf042f4b548a31e95a7780fd231c66b4b,max_steps,e870c38eb025b942dca13e04de73c6cd595c4821,/mnt/d/VLA/msc26-vla/runs/pilot-final-preflight-deterministic-20260825/resolved_config.json
Static-H5,1,1001,1,1001,785292248529111346,,,,,,,,,,,,not_started_dry_run,e870c38eb025b942dca13e04de73c6cd595c4821,/mnt/d/VLA/msc26-vla/runs/pilot-final-preflight-deterministic-20260825/resolved_config.json
Static-H5,1,1002,2,1002,8319009757324386309,,,,,,,,,,,,not_started_dry_run,e870c38eb025b942dca13e04de73c6cd595c4821,/mnt/d/VLA/msc26-vla/runs/pilot-final-preflight-deterministic-20260825/resolved_config.json
Static-H5,1,1003,3,1003,6993734918692727842,,,,,,,,,,,,not_started_dry_run,e870c38eb025b942dca13e04de73c6cd595c4821,/mnt/d/VLA/msc26-vla/runs/pilot-final-preflight-deterministic-20260825/resolved_config.json
Static-H5,1,1004,4,1004,4768231714663301246,,,,,,,,,,,,not_started_dry_run,e870c38eb025b942dca13e04de73c6cd595c4821,/mnt/d/VLA/msc26-vla/runs/pilot-final-preflight-deterministic-20260825/resolved_config.json
Static-H5,2,1000,0,1000,4405198951258256139,False,,280,77.67535078398942,56,19.458269069931703,48,48,0,5.0,9412b8b09358f1452880d67f0e872bc27d4b8f8f1757f96ca34707b9e1e51009,max_steps,e870c38eb025b942dca13e04de73c6cd595c4821,/mnt/d/VLA/msc26-vla/runs/pilot-final-preflight-deterministic-20260825/resolved_config.json
Static-H5,2,1001,1,1001,4043387461487274640,,,,,,,,,,,,not_started_dry_run,e870c38eb025b942dca13e04de73c6cd595c4821,/mnt/d/VLA/msc26-vla/runs/pilot-final-preflight-deterministic-20260825/resolved_config.json
Static-H5,2,1002,2,1002,9103535555776948696,,,,,,,,,,,,not_started_dry_run,e870c38eb025b942dca13e04de73c6cd595c4821,/mnt/d/VLA/msc26-vla/runs/pilot-final-preflight-deterministic-20260825/resolved_config.json
Static-H5,2,1003,3,1003,2166568339062684596,,,,,,,,,,,,not_started_dry_run,e870c38eb025b942dca13e04de73c6cd595c4821,/mnt/d/VLA/msc26-vla/runs/pilot-final-preflight-deterministic-20260825/resolved_config.json
Static-H5,2,1004,4,1004,5815502219292240428,,,,,,,,,,,,not_started_dry_run,e870c38eb025b942dca13e04de73c6cd595c4821,/mnt/d/VLA/msc26-vla/runs/pilot-final-preflight-deterministic-20260825/resolved_config.json
Static-H5,3,1000,0,1000,872139382400650529,True,88,88,28.414671468999586,18,6.462049708032282,39,39,0,5.0,09509ef5274fe55dcce62a93fa4f074b3a4ac781a3267a91465d6053362b5f8b,success,e870c38eb025b942dca13e04de73c6cd595c4821,/mnt/d/VLA/msc26-vla/runs/pilot-final-preflight-deterministic-20260825/resolved_config.json
Static-H5,3,1001,1,1001,8367772792250325226,,,,,,,,,,,,not_started_dry_run,e870c38eb025b942dca13e04de73c6cd595c4821,/mnt/d/VLA/msc26-vla/runs/pilot-final-preflight-deterministic-20260825/resolved_config.json
Static-H5,3,1002,2,1002,6816212165976561234,,,,,,,,,,,,not_started_dry_run,e870c38eb025b942dca13e04de73c6cd595c4821,/mnt/d/VLA/msc26-vla/runs/pilot-final-preflight-deterministic-20260825/resolved_config.json
Static-H5,3,1003,3,1003,547466004784815430,,,,,,,,,,,,not_started_dry_run,e870c38eb025b942dca13e04de73c6cd595c4821,/mnt/d/VLA/msc26-vla/runs/pilot-final-preflight-deterministic-20260825/resolved_config.json
Static-H5,3,1004,4,1004,7323120285149477339,,,,,,,,,,,,not_started_dry_run,e870c38eb025b942dca13e04de73c6cd595c4821,/mnt/d/VLA/msc26-vla/runs/pilot-final-preflight-deterministic-20260825/resolved_config.json
Static-H5,4,1000,0,1000,8513169697475700089,False,,280,80.81757109300816,56,21.36458162603958,58,58,0,5.0,3ba8154bc1243332df0798cb2aafa4203ef07e11188426e17c46ee3466f676c1,max_steps,e870c38eb025b942dca13e04de73c6cd595c4821,/mnt/d/VLA/msc26-vla/runs/pilot-final-preflight-deterministic-20260825/resolved_config.json
Static-H5,4,1001,1,1001,3469257450944538572,,,,,,,,,,,,not_started_dry_run,e870c38eb025b942dca13e04de73c6cd595c4821,/mnt/d/VLA/msc26-vla/runs/pilot-final-preflight-deterministic-20260825/resolved_config.json
Static-H5,4,1002,2,1002,5572084660172881480,,,,,,,,,,,,not_started_dry_run,e870c38eb025b942dca13e04de73c6cd595c4821,/mnt/d/VLA/msc26-vla/runs/pilot-final-preflight-deterministic-20260825/resolved_config.json
Static-H5,4,1003,3,1003,402975405451108653,,,,,,,,,,,,not_started_dry_run,e870c38eb025b942dca13e04de73c6cd595c4821,/mnt/d/VLA/msc26-vla/runs/pilot-final-preflight-deterministic-20260825/resolved_config.json
Static-H5,4,1004,4,1004,8905480769858965570,,,,,,,,,,,,not_started_dry_run,e870c38eb025b942dca13e04de73c6cd595c4821,/mnt/d/VLA/msc26-vla/runs/pilot-final-preflight-deterministic-20260825/resolved_config.json
Static-H5,5,1000,0,1000,6660030712243819836,False,,280,80.01796002300398,56,20.10497376800049,34,34,0,5.0,03b7d7c75825d0e02345642a782d6a8ba31b659416e85d1120e2ada7c118c18b,max_steps,e870c38eb025b942dca13e04de73c6cd595c4821,/mnt/d/VLA/msc26-vla/runs/pilot-final-preflight-deterministic-20260825/resolved_config.json
Static-H5,5,1001,1,1001,9089024622675674847,,,,,,,,,,,,not_started_dry_run,e870c38eb025b942dca13e04de73c6cd595c4821,/mnt/d/VLA/msc26-vla/runs/pilot-final-preflight-deterministic-20260825/resolved_config.json
Static-H5,5,1002,2,1002,6434700622396312420,,,,,,,,,,,,not_started_dry_run,e870c38eb025b942dca13e04de73c6cd595c4821,/mnt/d/VLA/msc26-vla/runs/pilot-final-preflight-deterministic-20260825/resolved_config.json
Static-H5,5,1003,3,1003,6050195505808188584,,,,,,,,,,,,not_started_dry_run,e870c38eb025b942dca13e04de73c6cd595c4821,/mnt/d/VLA/msc26-vla/runs/pilot-final-preflight-deterministic-20260825/resolved_config.json
Static-H5,5,1004,4,1004,148506301758857801,,,,,,,,,,,,not_started_dry_run,e870c38eb025b942dca13e04de73c6cd595c4821,/mnt/d/VLA/msc26-vla/runs/pilot-final-preflight-deterministic-20260825/resolved_config.json
Static-H5,6,1000,0,1000,6997229937442983994,False,,280,76.39194772198971,56,18.761672481981805,124,124,0,5.0,db4679d32f016f2d456278cb5a233dc1942cd24f56445c35d07164aca5856771,max_steps,e870c38eb025b942dca13e04de73c6cd595c4821,/mnt/d/VLA/msc26-vla/runs/pilot-final-preflight-deterministic-20260825/resolved_config.json
Static-H5,6,1001,1,1001,1260626615688585010,,,,,,,,,,,,not_started_dry_run,e870c38eb025b942dca13e04de73c6cd595c4821,/mnt/d/VLA/msc26-vla/runs/pilot-final-preflight-deterministic-20260825/resolved_config.json
Static-H5,6,1002,2,1002,589902366963284891,,,,,,,,,,,,not_started_dry_run,e870c38eb025b942dca13e04de73c6cd595c4821,/mnt/d/VLA/msc26-vla/runs/pilot-final-preflight-deterministic-20260825/resolved_config.json
Static-H5,6,1003,3,1003,8109541093867328847,,,,,,,,,,,,not_started_dry_run,e870c38eb025b942dca13e04de73c6cd595c4821,/mnt/d/VLA/msc26-vla/runs/pilot-final-preflight-deterministic-20260825/resolved_config.json
Static-H5,6,1004,4,1004,6634218549427139172,,,,,,,,,,,,not_started_dry_run,e870c38eb025b942dca13e04de73c6cd595c4821,/mnt/d/VLA/msc26-vla/runs/pilot-final-preflight-deterministic-20260825/resolved_config.json
Static-H5,7,1000,0,1000,5560803851283768854,False,,280,99.59199568700569,56,22.51041885498853,153,153,0,5.0,fb3f3bc9a0c0de032d00ca5de0a14b4be3abf11a3677c68bbf6ef542ec38c6b4,max_steps,e870c38eb025b942dca13e04de73c6cd595c4821,/mnt/d/VLA/msc26-vla/runs/pilot-final-preflight-deterministic-20260825/resolved_config.json
Static-H5,7,1001,1,1001,5089618222436797426,,,,,,,,,,,,not_started_dry_run,e870c38eb025b942dca13e04de73c6cd595c4821,/mnt/d/VLA/msc26-vla/runs/pilot-final-preflight-deterministic-20260825/resolved_config.json
Static-H5,7,1002,2,1002,1975631248050398168,,,,,,,,,,,,not_started_dry_run,e870c38eb025b942dca13e04de73c6cd595c4821,/mnt/d/VLA/msc26-vla/runs/pilot-final-preflight-deterministic-20260825/resolved_config.json
Static-H5,7,1003,3,1003,2168073338465533807,,,,,,,,,,,,not_started_dry_run,e870c38eb025b942dca13e04de73c6cd595c4821,/mnt/d/VLA/msc26-vla/runs/pilot-final-preflight-deterministic-20260825/resolved_config.json
Static-H5,7,1004,4,1004,7750479823927747336,,,,,,,,,,,,not_started_dry_run,e870c38eb025b942dca13e04de73c6cd595c4821,/mnt/d/VLA/msc26-vla/runs/pilot-final-preflight-deterministic-20260825/resolved_config.json
Static-H5,8,1000,0,1000,2480725720429303213,False,,280,80.56966408800508,56,20.14560470097058,45,45,0,5.0,09be310786ba35a44b6db1f5d988ca41404d756cf69809756161460d527fd6ec,max_steps,e870c38eb025b942dca13e04de73c6cd595c4821,/mnt/d/VLA/msc26-vla/runs/pilot-final-preflight-deterministic-20260825/resolved_config.json
Static-H5,8,1001,1,1001,7491216410967156604,,,,,,,,,,,,not_started_dry_run,e870c38eb025b942dca13e04de73c6cd595c4821,/mnt/d/VLA/msc26-vla/runs/pilot-final-preflight-deterministic-20260825/resolved_config.json
Static-H5,8,1002,2,1002,6548894511804397145,,,,,,,,,,,,not_started_dry_run,e870c38eb025b942dca13e04de73c6cd595c4821,/mnt/d/VLA/msc26-vla/runs/pilot-final-preflight-deterministic-20260825/resolved_config.json
Static-H5,8,1003,3,1003,8744096324536139809,,,,,,,,,,,,not_started_dry_run,e870c38eb025b942dca13e04de73c6cd595c4821,/mnt/d/VLA/msc26-vla/runs/pilot-final-preflight-deterministic-20260825/resolved_config.json
Static-H5,8,1004,4,1004,415862067894842786,,,,,,,,,,,,not_started_dry_run,e870c38eb025b942dca13e04de73c6cd595c4821,/mnt/d/VLA/msc26-vla/runs/pilot-final-preflight-deterministic-20260825/resolved_config.json
Static-H5,9,1000,0,1000,4032145136358586291,False,,280,77.78119909499947,56,19.40180291797151,109,109,0,5.0,aeb3416902321564d583b8138e0e90682e74f63236d0700024171df93cf6bdad,max_steps,e870c38eb025b942dca13e04de73c6cd595c4821,/mnt/d/VLA/msc26-vla/runs/pilot-final-preflight-deterministic-20260825/resolved_config.json
Static-H5,9,1001,1,1001,1252945996683820954,,,,,,,,,,,,not_started_dry_run,e870c38eb025b942dca13e04de73c6cd595c4821,/mnt/d/VLA/msc26-vla/runs/pilot-final-preflight-deterministic-20260825/resolved_config.json
Static-H5,9,1002,2,1002,4162912720903608682,,,,,,,,,,,,not_started_dry_run,e870c38eb025b942dca13e04de73c6cd595c4821,/mnt/d/VLA/msc26-vla/runs/pilot-final-preflight-deterministic-20260825/resolved_config.json
Static-H5,9,1003,3,1003,4173967112482337571,,,,,,,,,,,,not_started_dry_run,e870c38eb025b942dca13e04de73c6cd595c4821,/mnt/d/VLA/msc26-vla/runs/pilot-final-preflight-deterministic-20260825/resolved_config.json
Static-H5,9,1004,4,1004,5437976892542091246,,,,,,,,,,,,not_started_dry_run,e870c38eb025b942dca13e04de73c6cd595c4821,/mnt/d/VLA/msc26-vla/runs/pilot-final-preflight-deterministic-20260825/resolved_config.json
Static-H10,0,1000,0,1000,7291560000556540053,False,,280,71.41491916000086,28,13.326791599960416,55,55,0,10.0,3479713d685e9e7b74e71a3372f2e03a31935e8cc472083f89e3b09922f77d90,max_steps,e870c38eb025b942dca13e04de73c6cd595c4821,/mnt/d/VLA/msc26-vla/runs/pilot-final-preflight-deterministic-20260825/resolved_config.json
Static-H10,0,1001,1,1001,5423831692597276035,,,,,,,,,,,,not_started_dry_run,e870c38eb025b942dca13e04de73c6cd595c4821,/mnt/d/VLA/msc26-vla/runs/pilot-final-preflight-deterministic-20260825/resolved_config.json
Static-H10,0,1002,2,1002,2375001413206966694,,,,,,,,,,,,not_started_dry_run,e870c38eb025b942dca13e04de73c6cd595c4821,/mnt/d/VLA/msc26-vla/runs/pilot-final-preflight-deterministic-20260825/resolved_config.json
Static-H10,0,1003,3,1003,4270611907575412332,,,,,,,,,,,,not_started_dry_run,e870c38eb025b942dca13e04de73c6cd595c4821,/mnt/d/VLA/msc26-vla/runs/pilot-final-preflight-deterministic-20260825/resolved_config.json
Static-H10,0,1004,4,1004,839877525152245279,,,,,,,,,,,,not_started_dry_run,e870c38eb025b942dca13e04de73c6cd595c4821,/mnt/d/VLA/msc26-vla/runs/pilot-final-preflight-deterministic-20260825/resolved_config.json
Static-H10,1,1000,0,1000,7380877101995076934,False,,280,70.20844219300488,28,13.29675228697306,70,70,0,10.0,6fe98d1fce5da3faec05b3997eb1d795fede93870f1fc299df7fd15e10d3e045,max_steps,e870c38eb025b942dca13e04de73c6cd595c4821,/mnt/d/VLA/msc26-vla/runs/pilot-final-preflight-deterministic-20260825/resolved_config.json
Static-H10,1,1001,1,1001,785292248529111346,,,,,,,,,,,,not_started_dry_run,e870c38eb025b942dca13e04de73c6cd595c4821,/mnt/d/VLA/msc26-vla/runs/pilot-final-preflight-deterministic-20260825/resolved_config.json
Static-H10,1,1002,2,1002,8319009757324386309,,,,,,,,,,,,not_started_dry_run,e870c38eb025b942dca13e04de73c6cd595c4821,/mnt/d/VLA/msc26-vla/runs/pilot-final-preflight-deterministic-20260825/resolved_config.json
Static-H10,1,1003,3,1003,6993734918692727842,,,,,,,,,,,,not_started_dry_run,e870c38eb025b942dca13e04de73c6cd595c4821,/mnt/d/VLA/msc26-vla/runs/pilot-final-preflight-deterministic-20260825/resolved_config.json
Static-H10,1,1004,4,1004,4768231714663301246,,,,,,,,,,,,not_started_dry_run,e870c38eb025b942dca13e04de73c6cd595c4821,/mnt/d/VLA/msc26-vla/runs/pilot-final-preflight-deterministic-20260825/resolved_config.json
Static-H10,2,1000,0,1000,4405198951258256139,False,,280,69.70172366600309,28,13.336806835024618,49,49,0,10.0,e2431215224b1b031c6ba07d6c54144ee6ff422fe7f254c4eaf68cf1d1ddd807,max_steps,e870c38eb025b942dca13e04de73c6cd595c4821,/mnt/d/VLA/msc26-vla/runs/pilot-final-preflight-deterministic-20260825/resolved_config.json
Static-H10,2,1001,1,1001,4043387461487274640,,,,,,,,,,,,not_started_dry_run,e870c38eb025b942dca13e04de73c6cd595c4821,/mnt/d/VLA/msc26-vla/runs/pilot-final-preflight-deterministic-20260825/resolved_config.json
Static-H10,2,1002,2,1002,9103535555776948696,,,,,,,,,,,,not_started_dry_run,e870c38eb025b942dca13e04de73c6cd595c4821,/mnt/d/VLA/msc26-vla/runs/pilot-final-preflight-deterministic-20260825/resolved_config.json
Static-H10,2,1003,3,1003,2166568339062684596,,,,,,,,,,,,not_started_dry_run,e870c38eb025b942dca13e04de73c6cd595c4821,/mnt/d/VLA/msc26-vla/runs/pilot-final-preflight-deterministic-20260825/resolved_config.json
Static-H10,2,1004,4,1004,5815502219292240428,,,,,,,,,,,,not_started_dry_run,e870c38eb025b942dca13e04de73c6cd595c4821,/mnt/d/VLA/msc26-vla/runs/pilot-final-preflight-deterministic-20260825/resolved_config.json
Static-H10,3,1000,0,1000,872139382400650529,True,92,92,26.021344469001633,10,4.698309110011905,44,44,0,10.0,32215bee2bfcd34afc181dea1e80e3eb18876ab70368718bf224152852eddd3b,success,e870c38eb025b942dca13e04de73c6cd595c4821,/mnt/d/VLA/msc26-vla/runs/pilot-final-preflight-deterministic-20260825/resolved_config.json
Static-H10,3,1001,1,1001,8367772792250325226,,,,,,,,,,,,not_started_dry_run,e870c38eb025b942dca13e04de73c6cd595c4821,/mnt/d/VLA/msc26-vla/runs/pilot-final-preflight-deterministic-20260825/resolved_config.json
Static-H10,3,1002,2,1002,6816212165976561234,,,,,,,,,,,,not_started_dry_run,e870c38eb025b942dca13e04de73c6cd595c4821,/mnt/d/VLA/msc26-vla/runs/pilot-final-preflight-deterministic-20260825/resolved_config.json
Static-H10,3,1003,3,1003,547466004784815430,,,,,,,,,,,,not_started_dry_run,e870c38eb025b942dca13e04de73c6cd595c4821,/mnt/d/VLA/msc26-vla/runs/pilot-final-preflight-deterministic-20260825/resolved_config.json
Static-H10,3,1004,4,1004,7323120285149477339,,,,,,,,,,,,not_started_dry_run,e870c38eb025b942dca13e04de73c6cd595c4821,/mnt/d/VLA/msc26-vla/runs/pilot-final-preflight-deterministic-20260825/resolved_config.json
Static-H10,4,1000,0,1000,8513169697475700089,False,,280,70.47698908799794,28,13.495050013982109,83,83,0,10.0,c99f48c7447ba485b572e9b1106dcdddbeafb2ffa94888a04f7d78210f3f71d6,max_steps,e870c38eb025b942dca13e04de73c6cd595c4821,/mnt/d/VLA/msc26-vla/runs/pilot-final-preflight-deterministic-20260825/resolved_config.json
Static-H10,4,1001,1,1001,3469257450944538572,,,,,,,,,,,,not_started_dry_run,e870c38eb025b942dca13e04de73c6cd595c4821,/mnt/d/VLA/msc26-vla/runs/pilot-final-preflight-deterministic-20260825/resolved_config.json
Static-H10,4,1002,2,1002,5572084660172881480,,,,,,,,,,,,not_started_dry_run,e870c38eb025b942dca13e04de73c6cd595c4821,/mnt/d/VLA/msc26-vla/runs/pilot-final-preflight-deterministic-20260825/resolved_config.json
Static-H10,4,1003,3,1003,402975405451108653,,,,,,,,,,,,not_started_dry_run,e870c38eb025b942dca13e04de73c6cd595c4821,/mnt/d/VLA/msc26-vla/runs/pilot-final-preflight-deterministic-20260825/resolved_config.json
Static-H10,4,1004,4,1004,8905480769858965570,,,,,,,,,,,,not_started_dry_run,e870c38eb025b942dca13e04de73c6cd595c4821,/mnt/d/VLA/msc26-vla/runs/pilot-final-preflight-deterministic-20260825/resolved_config.json
Static-H10,5,1000,0,1000,6660030712243819836,False,,280,76.26736606899067,28,13.1026956570131,69,69,0,10.0,b5433bb8869af515f9e7e46a015bb395bf13a1cae46816032200ee87682ff797,max_steps,e870c38eb025b942dca13e04de73c6cd595c4821,/mnt/d/VLA/msc26-vla/runs/pilot-final-preflight-deterministic-20260825/resolved_config.json
Static-H10,5,1001,1,1001,9089024622675674847,,,,,,,,,,,,not_started_dry_run,e870c38eb025b942dca13e04de73c6cd595c4821,/mnt/d/VLA/msc26-vla/runs/pilot-final-preflight-deterministic-20260825/resolved_config.json
Static-H10,5,1002,2,1002,6434700622396312420,,,,,,,,,,,,not_started_dry_run,e870c38eb025b942dca13e04de73c6cd595c4821,/mnt/d/VLA/msc26-vla/runs/pilot-final-preflight-deterministic-20260825/resolved_config.json
Static-H10,5,1003,3,1003,6050195505808188584,,,,,,,,,,,,not_started_dry_run,e870c38eb025b942dca13e04de73c6cd595c4821,/mnt/d/VLA/msc26-vla/runs/pilot-final-preflight-deterministic-20260825/resolved_config.json
Static-H10,5,1004,4,1004,148506301758857801,,,,,,,,,,,,not_started_dry_run,e870c38eb025b942dca13e04de73c6cd595c4821,/mnt/d/VLA/msc26-vla/runs/pilot-final-preflight-deterministic-20260825/resolved_config.json
Static-H10,6,1000,0,1000,6997229937442983994,False,,280,69.43708913499722,28,13.307382115963264,98,98,0,10.0,a4776e6f91de9042acb330fb621cadf28576410d4c0447755948b22554017353,max_steps,e870c38eb025b942dca13e04de73c6cd595c4821,/mnt/d/VLA/msc26-vla/runs/pilot-final-preflight-deterministic-20260825/resolved_config.json
Static-H10,6,1001,1,1001,1260626615688585010,,,,,,,,,,,,not_started_dry_run,e870c38eb025b942dca13e04de73c6cd595c4821,/mnt/d/VLA/msc26-vla/runs/pilot-final-preflight-deterministic-20260825/resolved_config.json
Static-H10,6,1002,2,1002,589902366963284891,,,,,,,,,,,,not_started_dry_run,e870c38eb025b942dca13e04de73c6cd595c4821,/mnt/d/VLA/msc26-vla/runs/pilot-final-preflight-deterministic-20260825/resolved_config.json
Static-H10,6,1003,3,1003,8109541093867328847,,,,,,,,,,,,not_started_dry_run,e870c38eb025b942dca13e04de73c6cd595c4821,/mnt/d/VLA/msc26-vla/runs/pilot-final-preflight-deterministic-20260825/resolved_config.json
Static-H10,6,1004,4,1004,6634218549427139172,,,,,,,,,,,,not_started_dry_run,e870c38eb025b942dca13e04de73c6cd595c4821,/mnt/d/VLA/msc26-vla/runs/pilot-final-preflight-deterministic-20260825/resolved_config.json
Static-H10,7,1000,0,1000,5560803851283768854,False,,280,81.31474753600196,28,14.387346381976386,174,174,0,10.0,d3cde56979bc057d88c1996ea9055b4554d0d9f7328d2ef2b999c7f732671544,max_steps,e870c38eb025b942dca13e04de73c6cd595c4821,/mnt/d/VLA/msc26-vla/runs/pilot-final-preflight-deterministic-20260825/resolved_config.json
Static-H10,7,1001,1,1001,5089618222436797426,,,,,,,,,,,,not_started_dry_run,e870c38eb025b942dca13e04de73c6cd595c4821,/mnt/d/VLA/msc26-vla/runs/pilot-final-preflight-deterministic-20260825/resolved_config.json
Static-H10,7,1002,2,1002,1975631248050398168,,,,,,,,,,,,not_started_dry_run,e870c38eb025b942dca13e04de73c6cd595c4821,/mnt/d/VLA/msc26-vla/runs/pilot-final-preflight-deterministic-20260825/resolved_config.json
Static-H10,7,1003,3,1003,2168073338465533807,,,,,,,,,,,,not_started_dry_run,e870c38eb025b942dca13e04de73c6cd595c4821,/mnt/d/VLA/msc26-vla/runs/pilot-final-preflight-deterministic-20260825/resolved_config.json
Static-H10,7,1004,4,1004,7750479823927747336,,,,,,,,,,,,not_started_dry_run,e870c38eb025b942dca13e04de73c6cd595c4821,/mnt/d/VLA/msc26-vla/runs/pilot-final-preflight-deterministic-20260825/resolved_config.json
Static-H10,8,1000,0,1000,2480725720429303213,False,,280,71.16040396298922,28,13.232965528964996,83,83,0,10.0,bc9c78e84ca3e306d338c9b309c8731e41bb2850d1a3fe7fdaaba0c4e1a71c0b,max_steps,e870c38eb025b942dca13e04de73c6cd595c4821,/mnt/d/VLA/msc26-vla/runs/pilot-final-preflight-deterministic-20260825/resolved_config.json
Static-H10,8,1001,1,1001,7491216410967156604,,,,,,,,,,,,not_started_dry_run,e870c38eb025b942dca13e04de73c6cd595c4821,/mnt/d/VLA/msc26-vla/runs/pilot-final-preflight-deterministic-20260825/resolved_config.json
Static-H10,8,1002,2,1002,6548894511804397145,,,,,,,,,,,,not_started_dry_run,e870c38eb025b942dca13e04de73c6cd595c4821,/mnt/d/VLA/msc26-vla/runs/pilot-final-preflight-deterministic-20260825/resolved_config.json
Static-H10,8,1003,3,1003,8744096324536139809,,,,,,,,,,,,not_started_dry_run,e870c38eb025b942dca13e04de73c6cd595c4821,/mnt/d/VLA/msc26-vla/runs/pilot-final-preflight-deterministic-20260825/resolved_config.json
Static-H10,8,1004,4,1004,415862067894842786,,,,,,,,,,,,not_started_dry_run,e870c38eb025b942dca13e04de73c6cd595c4821,/mnt/d/VLA/msc26-vla/runs/pilot-final-preflight-deterministic-20260825/resolved_config.json
Static-H10,9,1000,0,1000,4032145136358586291,False,,280,70.39763207199576,28,13.325461109998287,95,95,0,10.0,d88a85e121d2f54a1c0e04e521ee21778dfef54f742ce467db68c0dd8b982ad6,max_steps,e870c38eb025b942dca13e04de73c6cd595c4821,/mnt/d/VLA/msc26-vla/runs/pilot-final-preflight-deterministic-20260825/resolved_config.json
Static-H10,9,1001,1,1001,1252945996683820954,,,,,,,,,,,,not_started_dry_run,e870c38eb025b942dca13e04de73c6cd595c4821,/mnt/d/VLA/msc26-vla/runs/pilot-final-preflight-deterministic-20260825/resolved_config.json
Static-H10,9,1002,2,1002,4162912720903608682,,,,,,,,,,,,not_started_dry_run,e870c38eb025b942dca13e04de73c6cd595c4821,/mnt/d/VLA/msc26-vla/runs/pilot-final-preflight-deterministic-20260825/resolved_config.json
Static-H10,9,1003,3,1003,4173967112482337571,,,,,,,,,,,,not_started_dry_run,e870c38eb025b942dca13e04de73c6cd595c4821,/mnt/d/VLA/msc26-vla/runs/pilot-final-preflight-deterministic-20260825/resolved_config.json
Static-H10,9,1004,4,1004,5437976892542091246,,,,,,,,,,,,not_started_dry_run,e870c38eb025b942dca13e04de73c6cd595c4821,/mnt/d/VLA/msc26-vla/runs/pilot-final-preflight-deterministic-20260825/resolved_config.json
Static-H20,0,1000,0,1000,7291560000556540053,False,,280,66.26160330300627,14,7.8150419049779885,142,142,0,20.0,2949906d4df3ff1585af7f11e4fc1ddf360984dcdedda20fe6f470814d35ffc6,max_steps,e870c38eb025b942dca13e04de73c6cd595c4821,/mnt/d/VLA/msc26-vla/runs/pilot-final-preflight-deterministic-20260825/resolved_config.json
Static-H20,0,1001,1,1001,5423831692597276035,,,,,,,,,,,,not_started_dry_run,e870c38eb025b942dca13e04de73c6cd595c4821,/mnt/d/VLA/msc26-vla/runs/pilot-final-preflight-deterministic-20260825/resolved_config.json
Static-H20,0,1002,2,1002,2375001413206966694,,,,,,,,,,,,not_started_dry_run,e870c38eb025b942dca13e04de73c6cd595c4821,/mnt/d/VLA/msc26-vla/runs/pilot-final-preflight-deterministic-20260825/resolved_config.json
Static-H20,0,1003,3,1003,4270611907575412332,,,,,,,,,,,,not_started_dry_run,e870c38eb025b942dca13e04de73c6cd595c4821,/mnt/d/VLA/msc26-vla/runs/pilot-final-preflight-deterministic-20260825/resolved_config.json
Static-H20,0,1004,4,1004,839877525152245279,,,,,,,,,,,,not_started_dry_run,e870c38eb025b942dca13e04de73c6cd595c4821,/mnt/d/VLA/msc26-vla/runs/pilot-final-preflight-deterministic-20260825/resolved_config.json
Static-H20,1,1000,0,1000,7380877101995076934,False,,280,66.26687137001136,14,7.154422676976537,108,108,0,20.0,3007081327b4de396c28190200f4e77b1b326005db152a5a867a3b2b2cd1e2ff,max_steps,e870c38eb025b942dca13e04de73c6cd595c4821,/mnt/d/VLA/msc26-vla/runs/pilot-final-preflight-deterministic-20260825/resolved_config.json
Static-H20,1,1001,1,1001,785292248529111346,,,,,,,,,,,,not_started_dry_run,e870c38eb025b942dca13e04de73c6cd595c4821,/mnt/d/VLA/msc26-vla/runs/pilot-final-preflight-deterministic-20260825/resolved_config.json
Static-H20,1,1002,2,1002,8319009757324386309,,,,,,,,,,,,not_started_dry_run,e870c38eb025b942dca13e04de73c6cd595c4821,/mnt/d/VLA/msc26-vla/runs/pilot-final-preflight-deterministic-20260825/resolved_config.json
Static-H20,1,1003,3,1003,6993734918692727842,,,,,,,,,,,,not_started_dry_run,e870c38eb025b942dca13e04de73c6cd595c4821,/mnt/d/VLA/msc26-vla/runs/pilot-final-preflight-deterministic-20260825/resolved_config.json
Static-H20,1,1004,4,1004,4768231714663301246,,,,,,,,,,,,not_started_dry_run,e870c38eb025b942dca13e04de73c6cd595c4821,/mnt/d/VLA/msc26-vla/runs/pilot-final-preflight-deterministic-20260825/resolved_config.json
Static-H20,2,1000,0,1000,4405198951258256139,False,,280,68.81277079599386,14,7.753498304024106,86,86,0,20.0,617d83a03bdebdb01b88beac22c4bcf39bde2a1890ee97483857de77ae131464,max_steps,e870c38eb025b942dca13e04de73c6cd595c4821,/mnt/d/VLA/msc26-vla/runs/pilot-final-preflight-deterministic-20260825/resolved_config.json
Static-H20,2,1001,1,1001,4043387461487274640,,,,,,,,,,,,not_started_dry_run,e870c38eb025b942dca13e04de73c6cd595c4821,/mnt/d/VLA/msc26-vla/runs/pilot-final-preflight-deterministic-20260825/resolved_config.json
Static-H20,2,1002,2,1002,9103535555776948696,,,,,,,,,,,,not_started_dry_run,e870c38eb025b942dca13e04de73c6cd595c4821,/mnt/d/VLA/msc26-vla/runs/pilot-final-preflight-deterministic-20260825/resolved_config.json
Static-H20,2,1003,3,1003,2166568339062684596,,,,,,,,,,,,not_started_dry_run,e870c38eb025b942dca13e04de73c6cd595c4821,/mnt/d/VLA/msc26-vla/runs/pilot-final-preflight-deterministic-20260825/resolved_config.json
Static-H20,2,1004,4,1004,5815502219292240428,,,,,,,,,,,,not_started_dry_run,e870c38eb025b942dca13e04de73c6cd595c4821,/mnt/d/VLA/msc26-vla/runs/pilot-final-preflight-deterministic-20260825/resolved_config.json
Static-H20,3,1000,0,1000,872139382400650529,False,,280,68.51253716299834,14,7.672169088007649,108,108,0,20.0,6bb17783aff2f982fe89a1667b1cd59e1b47052e74e7802773f21c80202cd1c5,max_steps,e870c38eb025b942dca13e04de73c6cd595c4821,/mnt/d/VLA/msc26-vla/runs/pilot-final-preflight-deterministic-20260825/resolved_config.json
Static-H20,3,1001,1,1001,8367772792250325226,,,,,,,,,,,,not_started_dry_run,e870c38eb025b942dca13e04de73c6cd595c4821,/mnt/d/VLA/msc26-vla/runs/pilot-final-preflight-deterministic-20260825/resolved_config.json
Static-H20,3,1002,2,1002,6816212165976561234,,,,,,,,,,,,not_started_dry_run,e870c38eb025b942dca13e04de73c6cd595c4821,/mnt/d/VLA/msc26-vla/runs/pilot-final-preflight-deterministic-20260825/resolved_config.json
Static-H20,3,1003,3,1003,547466004784815430,,,,,,,,,,,,not_started_dry_run,e870c38eb025b942dca13e04de73c6cd595c4821,/mnt/d/VLA/msc26-vla/runs/pilot-final-preflight-deterministic-20260825/resolved_config.json
Static-H20,3,1004,4,1004,7323120285149477339,,,,,,,,,,,,not_started_dry_run,e870c38eb025b942dca13e04de73c6cd595c4821,/mnt/d/VLA/msc26-vla/runs/pilot-final-preflight-deterministic-20260825/resolved_config.json
Static-H20,4,1000,0,1000,8513169697475700089,False,,280,65.13032196300628,14,7.564838436024729,105,105,0,20.0,799346fe8b112864c289566b4c5cf72891f67c346cb0244416a2860ce4fdbf30,max_steps,e870c38eb025b942dca13e04de73c6cd595c4821,/mnt/d/VLA/msc26-vla/runs/pilot-final-preflight-deterministic-20260825/resolved_config.json
Static-H20,4,1001,1,1001,3469257450944538572,,,,,,,,,,,,not_started_dry_run,e870c38eb025b942dca13e04de73c6cd595c4821,/mnt/d/VLA/msc26-vla/runs/pilot-final-preflight-deterministic-20260825/resolved_config.json
Static-H20,4,1002,2,1002,5572084660172881480,,,,,,,,,,,,not_started_dry_run,e870c38eb025b942dca13e04de73c6cd595c4821,/mnt/d/VLA/msc26-vla/runs/pilot-final-preflight-deterministic-20260825/resolved_config.json
Static-H20,4,1003,3,1003,402975405451108653,,,,,,,,,,,,not_started_dry_run,e870c38eb025b942dca13e04de73c6cd595c4821,/mnt/d/VLA/msc26-vla/runs/pilot-final-preflight-deterministic-20260825/resolved_config.json
Static-H20,4,1004,4,1004,8905480769858965570,,,,,,,,,,,,not_started_dry_run,e870c38eb025b942dca13e04de73c6cd595c4821,/mnt/d/VLA/msc26-vla/runs/pilot-final-preflight-deterministic-20260825/resolved_config.json
Static-H20,5,1000,0,1000,6660030712243819836,False,,280,71.42240202399262,14,7.552069225042942,94,94,0,20.0,7eed6ca13622ee3575af48f76a4b2ffe74a4bf0f7c70bf412e1dc6c6a1ac2049,max_steps,e870c38eb025b942dca13e04de73c6cd595c4821,/mnt/d/VLA/msc26-vla/runs/pilot-final-preflight-deterministic-20260825/resolved_config.json
Static-H20,5,1001,1,1001,9089024622675674847,,,,,,,,,,,,not_started_dry_run,e870c38eb025b942dca13e04de73c6cd595c4821,/mnt/d/VLA/msc26-vla/runs/pilot-final-preflight-deterministic-20260825/resolved_config.json
Static-H20,5,1002,2,1002,6434700622396312420,,,,,,,,,,,,not_started_dry_run,e870c38eb025b942dca13e04de73c6cd595c4821,/mnt/d/VLA/msc26-vla/runs/pilot-final-preflight-deterministic-20260825/resolved_config.json
Static-H20,5,1003,3,1003,6050195505808188584,,,,,,,,,,,,not_started_dry_run,e870c38eb025b942dca13e04de73c6cd595c4821,/mnt/d/VLA/msc26-vla/runs/pilot-final-preflight-deterministic-20260825/resolved_config.json
Static-H20,5,1004,4,1004,148506301758857801,,,,,,,,,,,,not_started_dry_run,e870c38eb025b942dca13e04de73c6cd595c4821,/mnt/d/VLA/msc26-vla/runs/pilot-final-preflight-deterministic-20260825/resolved_config.json
Static-H20,6,1000,0,1000,6997229937442983994,False,,280,63.24683517499943,14,7.358149172010599,86,86,0,20.0,f49ad7df76084c5dee42b5194db5c9163e075e98db820b0d2132d2cdd9511301,max_steps,e870c38eb025b942dca13e04de73c6cd595c4821,/mnt/d/VLA/msc26-vla/runs/pilot-final-preflight-deterministic-20260825/resolved_config.json
Static-H20,6,1001,1,1001,1260626615688585010,,,,,,,,,,,,not_started_dry_run,e870c38eb025b942dca13e04de73c6cd595c4821,/mnt/d/VLA/msc26-vla/runs/pilot-final-preflight-deterministic-20260825/resolved_config.json
Static-H20,6,1002,2,1002,589902366963284891,,,,,,,,,,,,not_started_dry_run,e870c38eb025b942dca13e04de73c6cd595c4821,/mnt/d/VLA/msc26-vla/runs/pilot-final-preflight-deterministic-20260825/resolved_config.json
Static-H20,6,1003,3,1003,8109541093867328847,,,,,,,,,,,,not_started_dry_run,e870c38eb025b942dca13e04de73c6cd595c4821,/mnt/d/VLA/msc26-vla/runs/pilot-final-preflight-deterministic-20260825/resolved_config.json
Static-H20,6,1004,4,1004,6634218549427139172,,,,,,,,,,,,not_started_dry_run,e870c38eb025b942dca13e04de73c6cd595c4821,/mnt/d/VLA/msc26-vla/runs/pilot-final-preflight-deterministic-20260825/resolved_config.json
Static-H20,7,1000,0,1000,5560803851283768854,False,,280,67.73052426100185,14,7.608152281041839,142,142,0,20.0,a68517e091720cfe85a9a74a97127f0a9b4b2ff0f8422a089a72247f87c99440,max_steps,e870c38eb025b942dca13e04de73c6cd595c4821,/mnt/d/VLA/msc26-vla/runs/pilot-final-preflight-deterministic-20260825/resolved_config.json
Static-H20,7,1001,1,1001,5089618222436797426,,,,,,,,,,,,not_started_dry_run,e870c38eb025b942dca13e04de73c6cd595c4821,/mnt/d/VLA/msc26-vla/runs/pilot-final-preflight-deterministic-20260825/resolved_config.json
Static-H20,7,1002,2,1002,1975631248050398168,,,,,,,,,,,,not_started_dry_run,e870c38eb025b942dca13e04de73c6cd595c4821,/mnt/d/VLA/msc26-vla/runs/pilot-final-preflight-deterministic-20260825/resolved_config.json
Static-H20,7,1003,3,1003,2168073338465533807,,,,,,,,,,,,not_started_dry_run,e870c38eb025b942dca13e04de73c6cd595c4821,/mnt/d/VLA/msc26-vla/runs/pilot-final-preflight-deterministic-20260825/resolved_config.json
Static-H20,7,1004,4,1004,7750479823927747336,,,,,,,,,,,,not_started_dry_run,e870c38eb025b942dca13e04de73c6cd595c4821,/mnt/d/VLA/msc26-vla/runs/pilot-final-preflight-deterministic-20260825/resolved_config.json
Static-H20,8,1000,0,1000,2480725720429303213,False,,280,65.08772265199514,14,7.203576644998975,79,79,0,20.0,2ef94b53a11269edc2b9b41df3853d247e0b57ee7e71f55a3a51949ba8f1b664,max_steps,e870c38eb025b942dca13e04de73c6cd595c4821,/mnt/d/VLA/msc26-vla/runs/pilot-final-preflight-deterministic-20260825/resolved_config.json
Static-H20,8,1001,1,1001,7491216410967156604,,,,,,,,,,,,not_started_dry_run,e870c38eb025b942dca13e04de73c6cd595c4821,/mnt/d/VLA/msc26-vla/runs/pilot-final-preflight-deterministic-20260825/resolved_config.json
Static-H20,8,1002,2,1002,6548894511804397145,,,,,,,,,,,,not_started_dry_run,e870c38eb025b942dca13e04de73c6cd595c4821,/mnt/d/VLA/msc26-vla/runs/pilot-final-preflight-deterministic-20260825/resolved_config.json
Static-H20,8,1003,3,1003,8744096324536139809,,,,,,,,,,,,not_started_dry_run,e870c38eb025b942dca13e04de73c6cd595c4821,/mnt/d/VLA/msc26-vla/runs/pilot-final-preflight-deterministic-20260825/resolved_config.json
Static-H20,8,1004,4,1004,415862067894842786,,,,,,,,,,,,not_started_dry_run,e870c38eb025b942dca13e04de73c6cd595c4821,/mnt/d/VLA/msc26-vla/runs/pilot-final-preflight-deterministic-20260825/resolved_config.json
Static-H20,9,1000,0,1000,4032145136358586291,False,,280,64.46903952400316,14,7.666291992005426,118,118,0,20.0,00147bb791783425d69c4ea058db6afee02944a104a4e10d6551bdea78ed874b,max_steps,e870c38eb025b942dca13e04de73c6cd595c4821,/mnt/d/VLA/msc26-vla/runs/pilot-final-preflight-deterministic-20260825/resolved_config.json
Static-H20,9,1001,1,1001,1252945996683820954,,,,,,,,,,,,not_started_dry_run,e870c38eb025b942dca13e04de73c6cd595c4821,/mnt/d/VLA/msc26-vla/runs/pilot-final-preflight-deterministic-20260825/resolved_config.json
Static-H20,9,1002,2,1002,4162912720903608682,,,,,,,,,,,,not_started_dry_run,e870c38eb025b942dca13e04de73c6cd595c4821,/mnt/d/VLA/msc26-vla/runs/pilot-final-preflight-deterministic-20260825/resolved_config.json
Static-H20,9,1003,3,1003,4173967112482337571,,,,,,,,,,,,not_started_dry_run,e870c38eb025b942dca13e04de73c6cd595c4821,/mnt/d/VLA/msc26-vla/runs/pilot-final-preflight-deterministic-20260825/resolved_config.json
Static-H20,9,1004,4,1004,5437976892542091246,,,,,,,,,,,,not_started_dry_run,e870c38eb025b942dca13e04de73c6cd595c4821,/mnt/d/VLA/msc26-vla/runs/pilot-final-preflight-deterministic-20260825/resolved_config.json
Static-H50,0,1000,0,1000,7291560000556540053,False,,280,60.342456323007355,6,3.412826968022273,118,118,0,50.0,9e4af3afdf3d3b662684a20b79a4a2a2e3a8845b38cd559c6a5849f7e0afa8f3,max_steps,e870c38eb025b942dca13e04de73c6cd595c4821,/mnt/d/VLA/msc26-vla/runs/pilot-final-preflight-deterministic-20260825/resolved_config.json
Static-H50,0,1001,1,1001,5423831692597276035,,,,,,,,,,,,not_started_dry_run,e870c38eb025b942dca13e04de73c6cd595c4821,/mnt/d/VLA/msc26-vla/runs/pilot-final-preflight-deterministic-20260825/resolved_config.json
Static-H50,0,1002,2,1002,2375001413206966694,,,,,,,,,,,,not_started_dry_run,e870c38eb025b942dca13e04de73c6cd595c4821,/mnt/d/VLA/msc26-vla/runs/pilot-final-preflight-deterministic-20260825/resolved_config.json
Static-H50,0,1003,3,1003,4270611907575412332,,,,,,,,,,,,not_started_dry_run,e870c38eb025b942dca13e04de73c6cd595c4821,/mnt/d/VLA/msc26-vla/runs/pilot-final-preflight-deterministic-20260825/resolved_config.json
Static-H50,0,1004,4,1004,839877525152245279,,,,,,,,,,,,not_started_dry_run,e870c38eb025b942dca13e04de73c6cd595c4821,/mnt/d/VLA/msc26-vla/runs/pilot-final-preflight-deterministic-20260825/resolved_config.json
Static-H50,1,1000,0,1000,7380877101995076934,False,,280,62.041094197993516,6,3.464384856983088,107,107,0,50.0,892581087b6e36f7921b875fce9e5f5ddb4fefb846659748e9a8b8143f2d87e0,max_steps,e870c38eb025b942dca13e04de73c6cd595c4821,/mnt/d/VLA/msc26-vla/runs/pilot-final-preflight-deterministic-20260825/resolved_config.json
Static-H50,1,1001,1,1001,785292248529111346,,,,,,,,,,,,not_started_dry_run,e870c38eb025b942dca13e04de73c6cd595c4821,/mnt/d/VLA/msc26-vla/runs/pilot-final-preflight-deterministic-20260825/resolved_config.json
Static-H50,1,1002,2,1002,8319009757324386309,,,,,,,,,,,,not_started_dry_run,e870c38eb025b942dca13e04de73c6cd595c4821,/mnt/d/VLA/msc26-vla/runs/pilot-final-preflight-deterministic-20260825/resolved_config.json
Static-H50,1,1003,3,1003,6993734918692727842,,,,,,,,,,,,not_started_dry_run,e870c38eb025b942dca13e04de73c6cd595c4821,/mnt/d/VLA/msc26-vla/runs/pilot-final-preflight-deterministic-20260825/resolved_config.json
Static-H50,1,1004,4,1004,4768231714663301246,,,,,,,,,,,,not_started_dry_run,e870c38eb025b942dca13e04de73c6cd595c4821,/mnt/d/VLA/msc26-vla/runs/pilot-final-preflight-deterministic-20260825/resolved_config.json
Static-H50,2,1000,0,1000,4405198951258256139,False,,280,61.47624086099677,6,3.3280169289791957,40,40,0,50.0,d3a93c8e7cc9e16298abba990edeca9662ea3aab40377c3c5e6d2666afdf867d,max_steps,e870c38eb025b942dca13e04de73c6cd595c4821,/mnt/d/VLA/msc26-vla/runs/pilot-final-preflight-deterministic-20260825/resolved_config.json
Static-H50,2,1001,1,1001,4043387461487274640,,,,,,,,,,,,not_started_dry_run,e870c38eb025b942dca13e04de73c6cd595c4821,/mnt/d/VLA/msc26-vla/runs/pilot-final-preflight-deterministic-20260825/resolved_config.json
Static-H50,2,1002,2,1002,9103535555776948696,,,,,,,,,,,,not_started_dry_run,e870c38eb025b942dca13e04de73c6cd595c4821,/mnt/d/VLA/msc26-vla/runs/pilot-final-preflight-deterministic-20260825/resolved_config.json
Static-H50,2,1003,3,1003,2166568339062684596,,,,,,,,,,,,not_started_dry_run,e870c38eb025b942dca13e04de73c6cd595c4821,/mnt/d/VLA/msc26-vla/runs/pilot-final-preflight-deterministic-20260825/resolved_config.json
Static-H50,2,1004,4,1004,5815502219292240428,,,,,,,,,,,,not_started_dry_run,e870c38eb025b942dca13e04de73c6cd595c4821,/mnt/d/VLA/msc26-vla/runs/pilot-final-preflight-deterministic-20260825/resolved_config.json
Static-H50,3,1000,0,1000,872139382400650529,False,,280,62.71751407098782,6,3.256496627975139,131,131,0,50.0,410f8b6fdc90f21133019cb4181a592033c06b5775641b9be968e2ee01495695,max_steps,e870c38eb025b942dca13e04de73c6cd595c4821,/mnt/d/VLA/msc26-vla/runs/pilot-final-preflight-deterministic-20260825/resolved_config.json
Static-H50,3,1001,1,1001,8367772792250325226,,,,,,,,,,,,not_started_dry_run,e870c38eb025b942dca13e04de73c6cd595c4821,/mnt/d/VLA/msc26-vla/runs/pilot-final-preflight-deterministic-20260825/resolved_config.json
Static-H50,3,1002,2,1002,6816212165976561234,,,,,,,,,,,,not_started_dry_run,e870c38eb025b942dca13e04de73c6cd595c4821,/mnt/d/VLA/msc26-vla/runs/pilot-final-preflight-deterministic-20260825/resolved_config.json
Static-H50,3,1003,3,1003,547466004784815430,,,,,,,,,,,,not_started_dry_run,e870c38eb025b942dca13e04de73c6cd595c4821,/mnt/d/VLA/msc26-vla/runs/pilot-final-preflight-deterministic-20260825/resolved_config.json
Static-H50,3,1004,4,1004,7323120285149477339,,,,,,,,,,,,not_started_dry_run,e870c38eb025b942dca13e04de73c6cd595c4821,/mnt/d/VLA/msc26-vla/runs/pilot-final-preflight-deterministic-20260825/resolved_config.json
Static-H50,4,1000,0,1000,8513169697475700089,False,,280,62.561815951994504,6,3.3187933599983808,138,138,0,50.0,0661c7f3b6d95b7ed24486d15a343002b1f16f08aca66a97c48cb6648b7b6187,max_steps,e870c38eb025b942dca13e04de73c6cd595c4821,/mnt/d/VLA/msc26-vla/runs/pilot-final-preflight-deterministic-20260825/resolved_config.json
Static-H50,4,1001,1,1001,3469257450944538572,,,,,,,,,,,,not_started_dry_run,e870c38eb025b942dca13e04de73c6cd595c4821,/mnt/d/VLA/msc26-vla/runs/pilot-final-preflight-deterministic-20260825/resolved_config.json
Static-H50,4,1002,2,1002,5572084660172881480,,,,,,,,,,,,not_started_dry_run,e870c38eb025b942dca13e04de73c6cd595c4821,/mnt/d/VLA/msc26-vla/runs/pilot-final-preflight-deterministic-20260825/resolved_config.json
Static-H50,4,1003,3,1003,402975405451108653,,,,,,,,,,,,not_started_dry_run,e870c38eb025b942dca13e04de73c6cd595c4821,/mnt/d/VLA/msc26-vla/runs/pilot-final-preflight-deterministic-20260825/resolved_config.json
Static-H50,4,1004,4,1004,8905480769858965570,,,,,,,,,,,,not_started_dry_run,e870c38eb025b942dca13e04de73c6cd595c4821,/mnt/d/VLA/msc26-vla/runs/pilot-final-preflight-deterministic-20260825/resolved_config.json
Static-H50,5,1000,0,1000,6660030712243819836,False,,280,67.52571261698904,6,3.151413005994982,92,92,0,50.0,3588e969f814006dedb0aa621399e385d3027fe1e43f0cb94aaada5c8a825120,max_steps,e870c38eb025b942dca13e04de73c6cd595c4821,/mnt/d/VLA/msc26-vla/runs/pilot-final-preflight-deterministic-20260825/resolved_config.json
Static-H50,5,1001,1,1001,9089024622675674847,,,,,,,,,,,,not_started_dry_run,e870c38eb025b942dca13e04de73c6cd595c4821,/mnt/d/VLA/msc26-vla/runs/pilot-final-preflight-deterministic-20260825/resolved_config.json
Static-H50,5,1002,2,1002,6434700622396312420,,,,,,,,,,,,not_started_dry_run,e870c38eb025b942dca13e04de73c6cd595c4821,/mnt/d/VLA/msc26-vla/runs/pilot-final-preflight-deterministic-20260825/resolved_config.json
Static-H50,5,1003,3,1003,6050195505808188584,,,,,,,,,,,,not_started_dry_run,e870c38eb025b942dca13e04de73c6cd595c4821,/mnt/d/VLA/msc26-vla/runs/pilot-final-preflight-deterministic-20260825/resolved_config.json
Static-H50,5,1004,4,1004,148506301758857801,,,,,,,,,,,,not_started_dry_run,e870c38eb025b942dca13e04de73c6cd595c4821,/mnt/d/VLA/msc26-vla/runs/pilot-final-preflight-deterministic-20260825/resolved_config.json
Static-H50,6,1000,0,1000,6997229937442983994,False,,280,59.25218912199489,6,3.044625834998442,53,53,0,50.0,287e3b2a539153696c276386000cb924d8b116dd7ea01b35b6c4b4d6ed6fa028,max_steps,e870c38eb025b942dca13e04de73c6cd595c4821,/mnt/d/VLA/msc26-vla/runs/pilot-final-preflight-deterministic-20260825/resolved_config.json
Static-H50,6,1001,1,1001,1260626615688585010,,,,,,,,,,,,not_started_dry_run,e870c38eb025b942dca13e04de73c6cd595c4821,/mnt/d/VLA/msc26-vla/runs/pilot-final-preflight-deterministic-20260825/resolved_config.json
Static-H50,6,1002,2,1002,589902366963284891,,,,,,,,,,,,not_started_dry_run,e870c38eb025b942dca13e04de73c6cd595c4821,/mnt/d/VLA/msc26-vla/runs/pilot-final-preflight-deterministic-20260825/resolved_config.json
Static-H50,6,1003,3,1003,8109541093867328847,,,,,,,,,,,,not_started_dry_run,e870c38eb025b942dca13e04de73c6cd595c4821,/mnt/d/VLA/msc26-vla/runs/pilot-final-preflight-deterministic-20260825/resolved_config.json
Static-H50,6,1004,4,1004,6634218549427139172,,,,,,,,,,,,not_started_dry_run,e870c38eb025b942dca13e04de73c6cd595c4821,/mnt/d/VLA/msc26-vla/runs/pilot-final-preflight-deterministic-20260825/resolved_config.json
Static-H50,7,1000,0,1000,5560803851283768854,False,,280,63.23822662200837,6,3.2787417960207677,125,125,0,50.0,c60fbfed3ec370b8885c712df324d1c39f11c8630513e5d4ec33577549ecfe33,max_steps,e870c38eb025b942dca13e04de73c6cd595c4821,/mnt/d/VLA/msc26-vla/runs/pilot-final-preflight-deterministic-20260825/resolved_config.json
Static-H50,7,1001,1,1001,5089618222436797426,,,,,,,,,,,,not_started_dry_run,e870c38eb025b942dca13e04de73c6cd595c4821,/mnt/d/VLA/msc26-vla/runs/pilot-final-preflight-deterministic-20260825/resolved_config.json
Static-H50,7,1002,2,1002,1975631248050398168,,,,,,,,,,,,not_started_dry_run,e870c38eb025b942dca13e04de73c6cd595c4821,/mnt/d/VLA/msc26-vla/runs/pilot-final-preflight-deterministic-20260825/resolved_config.json
Static-H50,7,1003,3,1003,2168073338465533807,,,,,,,,,,,,not_started_dry_run,e870c38eb025b942dca13e04de73c6cd595c4821,/mnt/d/VLA/msc26-vla/runs/pilot-final-preflight-deterministic-20260825/resolved_config.json
Static-H50,7,1004,4,1004,7750479823927747336,,,,,,,,,,,,not_started_dry_run,e870c38eb025b942dca13e04de73c6cd595c4821,/mnt/d/VLA/msc26-vla/runs/pilot-final-preflight-deterministic-20260825/resolved_config.json
Static-H50,8,1000,0,1000,2480725720429303213,False,,280,69.78221722198941,6,3.714198775967816,125,125,0,50.0,00190a2309d6973c313bdbf805aa6fee1ac2599d5e2ec8e0885502bb46b40175,max_steps,e870c38eb025b942dca13e04de73c6cd595c4821,/mnt/d/VLA/msc26-vla/runs/pilot-final-preflight-deterministic-20260825/resolved_config.json
Static-H50,8,1001,1,1001,7491216410967156604,,,,,,,,,,,,not_started_dry_run,e870c38eb025b942dca13e04de73c6cd595c4821,/mnt/d/VLA/msc26-vla/runs/pilot-final-preflight-deterministic-20260825/resolved_config.json
Static-H50,8,1002,2,1002,6548894511804397145,,,,,,,,,,,,not_started_dry_run,e870c38eb025b942dca13e04de73c6cd595c4821,/mnt/d/VLA/msc26-vla/runs/pilot-final-preflight-deterministic-20260825/resolved_config.json
Static-H50,8,1003,3,1003,8744096324536139809,,,,,,,,,,,,not_started_dry_run,e870c38eb025b942dca13e04de73c6cd595c4821,/mnt/d/VLA/msc26-vla/runs/pilot-final-preflight-deterministic-20260825/resolved_config.json
Static-H50,8,1004,4,1004,415862067894842786,,,,,,,,,,,,not_started_dry_run,e870c38eb025b942dca13e04de73c6cd595c4821,/mnt/d/VLA/msc26-vla/runs/pilot-final-preflight-deterministic-20260825/resolved_config.json
Static-H50,9,1000,0,1000,4032145136358586291,False,,280,62.4544551489962,6,3.1830306430056226,54,54,0,50.0,5d63581bfa93ca7dda8c27e442dfdf9d34fa2aeea7c4b2a8b1d54b93a312fdfd,max_steps,e870c38eb025b942dca13e04de73c6cd595c4821,/mnt/d/VLA/msc26-vla/runs/pilot-final-preflight-deterministic-20260825/resolved_config.json
Static-H50,9,1001,1,1001,1252945996683820954,,,,,,,,,,,,not_started_dry_run,e870c38eb025b942dca13e04de73c6cd595c4821,/mnt/d/VLA/msc26-vla/runs/pilot-final-preflight-deterministic-20260825/resolved_config.json
Static-H50,9,1002,2,1002,4162912720903608682,,,,,,,,,,,,not_started_dry_run,e870c38eb025b942dca13e04de73c6cd595c4821,/mnt/d/VLA/msc26-vla/runs/pilot-final-preflight-deterministic-20260825/resolved_config.json
Static-H50,9,1003,3,1003,4173967112482337571,,,,,,,,,,,,not_started_dry_run,e870c38eb025b942dca13e04de73c6cd595c4821,/mnt/d/VLA/msc26-vla/runs/pilot-final-preflight-deterministic-20260825/resolved_config.json
Static-H50,9,1004,4,1004,5437976892542091246,,,,,,,,,,,,not_started_dry_run,e870c38eb025b942dca13e04de73c6cd595c4821,/mnt/d/VLA/msc26-vla/runs/pilot-final-preflight-deterministic-20260825/resolved_config.json
Adaptive-H20→H1,0,1000,0,1000,7291560000556540053,False,,280,85.77996192999126,75,26.382898764000856,39,39,39,17.353571428571428,0f447415b93c6fcd787bbbf40d40fa7bc0773ae92b27deb2326ae1841702a0a8,max_steps,e870c38eb025b942dca13e04de73c6cd595c4821,/mnt/d/VLA/msc26-vla/runs/pilot-final-preflight-deterministic-20260825/resolved_config.json
Adaptive-H20→H1,0,1001,1,1001,5423831692597276035,,,,,,,,,,,,not_started_dry_run,e870c38eb025b942dca13e04de73c6cd595c4821,/mnt/d/VLA/msc26-vla/runs/pilot-final-preflight-deterministic-20260825/resolved_config.json
Adaptive-H20→H1,0,1002,2,1002,2375001413206966694,,,,,,,,,,,,not_started_dry_run,e870c38eb025b942dca13e04de73c6cd595c4821,/mnt/d/VLA/msc26-vla/runs/pilot-final-preflight-deterministic-20260825/resolved_config.json
Adaptive-H20→H1,0,1003,3,1003,4270611907575412332,,,,,,,,,,,,not_started_dry_run,e870c38eb025b942dca13e04de73c6cd595c4821,/mnt/d/VLA/msc26-vla/runs/pilot-final-preflight-deterministic-20260825/resolved_config.json
Adaptive-H20→H1,0,1004,4,1004,839877525152245279,,,,,,,,,,,,not_started_dry_run,e870c38eb025b942dca13e04de73c6cd595c4821,/mnt/d/VLA/msc26-vla/runs/pilot-final-preflight-deterministic-20260825/resolved_config.json
Adaptive-H20→H1,1,1000,0,1000,7380877101995076934,False,,280,76.80971387198952,47,17.4631162090227,22,22,22,18.507142857142856,02f5649dc9eb1ebf91fa6e65ecbce270700e85e74a5f8cf57a74d32c80046d8d,max_steps,e870c38eb025b942dca13e04de73c6cd595c4821,/mnt/d/VLA/msc26-vla/runs/pilot-final-preflight-deterministic-20260825/resolved_config.json
Adaptive-H20→H1,1,1001,1,1001,785292248529111346,,,,,,,,,,,,not_started_dry_run,e870c38eb025b942dca13e04de73c6cd595c4821,/mnt/d/VLA/msc26-vla/runs/pilot-final-preflight-deterministic-20260825/resolved_config.json
Adaptive-H20→H1,1,1002,2,1002,8319009757324386309,,,,,,,,,,,,not_started_dry_run,e870c38eb025b942dca13e04de73c6cd595c4821,/mnt/d/VLA/msc26-vla/runs/pilot-final-preflight-deterministic-20260825/resolved_config.json
Adaptive-H20→H1,1,1003,3,1003,6993734918692727842,,,,,,,,,,,,not_started_dry_run,e870c38eb025b942dca13e04de73c6cd595c4821,/mnt/d/VLA/msc26-vla/runs/pilot-final-preflight-deterministic-20260825/resolved_config.json
Adaptive-H20→H1,1,1004,4,1004,4768231714663301246,,,,,,,,,,,,not_started_dry_run,e870c38eb025b942dca13e04de73c6cd595c4821,/mnt/d/VLA/msc26-vla/runs/pilot-final-preflight-deterministic-20260825/resolved_config.json
Adaptive-H20→H1,2,1000,0,1000,4405198951258256139,False,,280,76.17564793399652,47,17.427875353067066,21,21,21,18.575,00f45d5794dd12b5e1847ebb12b84c50fb7ff024fb8830d85bdae89c65118e4a,max_steps,e870c38eb025b942dca13e04de73c6cd595c4821,/mnt/d/VLA/msc26-vla/runs/pilot-final-preflight-deterministic-20260825/resolved_config.json
Adaptive-H20→H1,2,1001,1,1001,4043387461487274640,,,,,,,,,,,,not_started_dry_run,e870c38eb025b942dca13e04de73c6cd595c4821,/mnt/d/VLA/msc26-vla/runs/pilot-final-preflight-deterministic-20260825/resolved_config.json
Adaptive-H20→H1,2,1002,2,1002,9103535555776948696,,,,,,,,,,,,not_started_dry_run,e870c38eb025b942dca13e04de73c6cd595c4821,/mnt/d/VLA/msc26-vla/runs/pilot-final-preflight-deterministic-20260825/resolved_config.json
Adaptive-H20→H1,2,1003,3,1003,2166568339062684596,,,,,,,,,,,,not_started_dry_run,e870c38eb025b942dca13e04de73c6cd595c4821,/mnt/d/VLA/msc26-vla/runs/pilot-final-preflight-deterministic-20260825/resolved_config.json
Adaptive-H20→H1,2,1004,4,1004,5815502219292240428,,,,,,,,,,,,not_started_dry_run,e870c38eb025b942dca13e04de73c6cd595c4821,/mnt/d/VLA/msc26-vla/runs/pilot-final-preflight-deterministic-20260825/resolved_config.json
Adaptive-H20→H1,3,1000,0,1000,872139382400650529,True,95,95,38.3568158299895,46,15.195642135018716,30,30,30,14.0,e6797a38f71110aba75f39f17cbd1ffce39c38b1d786bb2340fa6012d7cd6af4,success,e870c38eb025b942dca13e04de73c6cd595c4821,/mnt/d/VLA/msc26-vla/runs/pilot-final-preflight-deterministic-20260825/resolved_config.json
Adaptive-H20→H1,3,1001,1,1001,8367772792250325226,,,,,,,,,,,,not_started_dry_run,e870c38eb025b942dca13e04de73c6cd595c4821,/mnt/d/VLA/msc26-vla/runs/pilot-final-preflight-deterministic-20260825/resolved_config.json
Adaptive-H20→H1,3,1002,2,1002,6816212165976561234,,,,,,,,,,,,not_started_dry_run,e870c38eb025b942dca13e04de73c6cd595c4821,/mnt/d/VLA/msc26-vla/runs/pilot-final-preflight-deterministic-20260825/resolved_config.json
Adaptive-H20→H1,3,1003,3,1003,547466004784815430,,,,,,,,,,,,not_started_dry_run,e870c38eb025b942dca13e04de73c6cd595c4821,/mnt/d/VLA/msc26-vla/runs/pilot-final-preflight-deterministic-20260825/resolved_config.json
Adaptive-H20→H1,3,1004,4,1004,7323120285149477339,,,,,,,,,,,,not_started_dry_run,e870c38eb025b942dca13e04de73c6cd595c4821,/mnt/d/VLA/msc26-vla/runs/pilot-final-preflight-deterministic-20260825/resolved_config.json
Adaptive-H20→H1,4,1000,0,1000,8513169697475700089,False,,280,91.06554484598746,107,35.17153299090569,67,67,67,15.45357142857143,5efd972e7cf778262807fb04104799fe9fcf47f47348be8376af9b51d5afbbe3,max_steps,e870c38eb025b942dca13e04de73c6cd595c4821,/mnt/d/VLA/msc26-vla/runs/pilot-final-preflight-deterministic-20260825/resolved_config.json
Adaptive-H20→H1,4,1001,1,1001,3469257450944538572,,,,,,,,,,,,not_started_dry_run,e870c38eb025b942dca13e04de73c6cd595c4821,/mnt/d/VLA/msc26-vla/runs/pilot-final-preflight-deterministic-20260825/resolved_config.json
Adaptive-H20→H1,4,1002,2,1002,5572084660172881480,,,,,,,,,,,,not_started_dry_run,e870c38eb025b942dca13e04de73c6cd595c4821,/mnt/d/VLA/msc26-vla/runs/pilot-final-preflight-deterministic-20260825/resolved_config.json
Adaptive-H20→H1,4,1003,3,1003,402975405451108653,,,,,,,,,,,,not_started_dry_run,e870c38eb025b942dca13e04de73c6cd595c4821,/mnt/d/VLA/msc26-vla/runs/pilot-final-preflight-deterministic-20260825/resolved_config.json
Adaptive-H20→H1,4,1004,4,1004,8905480769858965570,,,,,,,,,,,,not_started_dry_run,e870c38eb025b942dca13e04de73c6cd595c4821,/mnt/d/VLA/msc26-vla/runs/pilot-final-preflight-deterministic-20260825/resolved_config.json
Adaptive-H20→H1,5,1000,0,1000,6660030712243819836,False,,280,93.46901640100987,83,29.185191717988346,45,45,45,16.946428571428573,0eabac877646a62f6c7de899091187dcfb46f53177ae871fdac8620129ff968a,max_steps,e870c38eb025b942dca13e04de73c6cd595c4821,/mnt/d/VLA/msc26-vla/runs/pilot-final-preflight-deterministic-20260825/resolved_config.json
Adaptive-H20→H1,5,1001,1,1001,9089024622675674847,,,,,,,,,,,,not_started_dry_run,e870c38eb025b942dca13e04de73c6cd595c4821,/mnt/d/VLA/msc26-vla/runs/pilot-final-preflight-deterministic-20260825/resolved_config.json
Adaptive-H20→H1,5,1002,2,1002,6434700622396312420,,,,,,,,,,,,not_started_dry_run,e870c38eb025b942dca13e04de73c6cd595c4821,/mnt/d/VLA/msc26-vla/runs/pilot-final-preflight-deterministic-20260825/resolved_config.json
Adaptive-H20→H1,5,1003,3,1003,6050195505808188584,,,,,,,,,,,,not_started_dry_run,e870c38eb025b942dca13e04de73c6cd595c4821,/mnt/d/VLA/msc26-vla/runs/pilot-final-preflight-deterministic-20260825/resolved_config.json
Adaptive-H20→H1,5,1004,4,1004,148506301758857801,,,,,,,,,,,,not_started_dry_run,e870c38eb025b942dca13e04de73c6cd595c4821,/mnt/d/VLA/msc26-vla/runs/pilot-final-preflight-deterministic-20260825/resolved_config.json
Adaptive-H20→H1,6,1000,0,1000,6997229937442983994,False,,280,102.14358913099568,133,42.79943221004214,88,88,88,14.028571428571428,e3a9b88d525ac0fc492b49d4a52e1edeb5b237d3609954195c463cdc73ff628e,max_steps,e870c38eb025b942dca13e04de73c6cd595c4821,/mnt/d/VLA/msc26-vla/runs/pilot-final-preflight-deterministic-20260825/resolved_config.json
Adaptive-H20→H1,6,1001,1,1001,1260626615688585010,,,,,,,,,,,,not_started_dry_run,e870c38eb025b942dca13e04de73c6cd595c4821,/mnt/d/VLA/msc26-vla/runs/pilot-final-preflight-deterministic-20260825/resolved_config.json
Adaptive-H20→H1,6,1002,2,1002,589902366963284891,,,,,,,,,,,,not_started_dry_run,e870c38eb025b942dca13e04de73c6cd595c4821,/mnt/d/VLA/msc26-vla/runs/pilot-final-preflight-deterministic-20260825/resolved_config.json
Adaptive-H20→H1,6,1003,3,1003,8109541093867328847,,,,,,,,,,,,not_started_dry_run,e870c38eb025b942dca13e04de73c6cd595c4821,/mnt/d/VLA/msc26-vla/runs/pilot-final-preflight-deterministic-20260825/resolved_config.json
Adaptive-H20→H1,6,1004,4,1004,6634218549427139172,,,,,,,,,,,,not_started_dry_run,e870c38eb025b942dca13e04de73c6cd595c4821,/mnt/d/VLA/msc26-vla/runs/pilot-final-preflight-deterministic-20260825/resolved_config.json
Adaptive-H20→H1,7,1000,0,1000,5560803851283768854,False,,280,108.08928903599735,138,43.939774522019434,80,80,80,14.571428571428571,2c22ce4f1a26f1182ae665575ad8421a8a88dfdfb36d265212a70f6b721fd3f6,max_steps,e870c38eb025b942dca13e04de73c6cd595c4821,/mnt/d/VLA/msc26-vla/runs/pilot-final-preflight-deterministic-20260825/resolved_config.json
Adaptive-H20→H1,7,1001,1,1001,5089618222436797426,,,,,,,,,,,,not_started_dry_run,e870c38eb025b942dca13e04de73c6cd595c4821,/mnt/d/VLA/msc26-vla/runs/pilot-final-preflight-deterministic-20260825/resolved_config.json
Adaptive-H20→H1,7,1002,2,1002,1975631248050398168,,,,,,,,,,,,not_started_dry_run,e870c38eb025b942dca13e04de73c6cd595c4821,/mnt/d/VLA/msc26-vla/runs/pilot-final-preflight-deterministic-20260825/resolved_config.json
Adaptive-H20→H1,7,1003,3,1003,2168073338465533807,,,,,,,,,,,,not_started_dry_run,e870c38eb025b942dca13e04de73c6cd595c4821,/mnt/d/VLA/msc26-vla/runs/pilot-final-preflight-deterministic-20260825/resolved_config.json
Adaptive-H20→H1,7,1004,4,1004,7750479823927747336,,,,,,,,,,,,not_started_dry_run,e870c38eb025b942dca13e04de73c6cd595c4821,/mnt/d/VLA/msc26-vla/runs/pilot-final-preflight-deterministic-20260825/resolved_config.json
Adaptive-H20→H1,8,1000,0,1000,2480725720429303213,False,,280,86.19904893799685,79,27.43866346597497,42,42,42,17.15,b2b832ca1f4beb5b70c7756539742c8dd09d7ce140a73c5bed255a52a3bde0c6,max_steps,e870c38eb025b942dca13e04de73c6cd595c4821,/mnt/d/VLA/msc26-vla/runs/pilot-final-preflight-deterministic-20260825/resolved_config.json
Adaptive-H20→H1,8,1001,1,1001,7491216410967156604,,,,,,,,,,,,not_started_dry_run,e870c38eb025b942dca13e04de73c6cd595c4821,/mnt/d/VLA/msc26-vla/runs/pilot-final-preflight-deterministic-20260825/resolved_config.json
Adaptive-H20→H1,8,1002,2,1002,6548894511804397145,,,,,,,,,,,,not_started_dry_run,e870c38eb025b942dca13e04de73c6cd595c4821,/mnt/d/VLA/msc26-vla/runs/pilot-final-preflight-deterministic-20260825/resolved_config.json
Adaptive-H20→H1,8,1003,3,1003,8744096324536139809,,,,,,,,,,,,not_started_dry_run,e870c38eb025b942dca13e04de73c6cd595c4821,/mnt/d/VLA/msc26-vla/runs/pilot-final-preflight-deterministic-20260825/resolved_config.json
Adaptive-H20→H1,8,1004,4,1004,415862067894842786,,,,,,,,,,,,not_started_dry_run,e870c38eb025b942dca13e04de73c6cd595c4821,/mnt/d/VLA/msc26-vla/runs/pilot-final-preflight-deterministic-20260825/resolved_config.json
Adaptive-H20→H1,9,1000,0,1000,4032145136358586291,False,,280,86.4046240309981,81,27.486255435142084,41,41,41,17.285714285714285,44560ac917091b1ae6e540869d51b9dc0153afe0715faf0d54c2144da073777b,max_steps,e870c38eb025b942dca13e04de73c6cd595c4821,/mnt/d/VLA/msc26-vla/runs/pilot-final-preflight-deterministic-20260825/resolved_config.json
Adaptive-H20→H1,9,1001,1,1001,1252945996683820954,,,,,,,,,,,,not_started_dry_run,e870c38eb025b942dca13e04de73c6cd595c4821,/mnt/d/VLA/msc26-vla/runs/pilot-final-preflight-deterministic-20260825/resolved_config.json
Adaptive-H20→H1,9,1002,2,1002,4162912720903608682,,,,,,,,,,,,not_started_dry_run,e870c38eb025b942dca13e04de73c6cd595c4821,/mnt/d/VLA/msc26-vla/runs/pilot-final-preflight-deterministic-20260825/resolved_config.json
Adaptive-H20→H1,9,1003,3,1003,4173967112482337571,,,,,,,,,,,,not_started_dry_run,e870c38eb025b942dca13e04de73c6cd595c4821,/mnt/d/VLA/msc26-vla/runs/pilot-final-preflight-deterministic-20260825/resolved_config.json
Adaptive-H20→H1,9,1004,4,1004,5437976892542091246,,,,,,,,,,,,not_started_dry_run,e870c38eb025b942dca13e04de73c6cd595c4821,/mnt/d/VLA/msc26-vla/runs/pilot-final-preflight-deterministic-20260825/resolved_config.json
