condition,task_id,seed,initial_state_id,success_at_280,success_step,executed_env_steps,wall_time_to_terminal_s,model_invocations,model_inference_time_s,range_violations,range_clips,buffer_discards,mean_actual_horizon,termination_reason,git_sha,resolved_config_path
Static-H1,0,1000,0,False,,280,158.82276524900226,280,100.87266430793534,11,11,0,1.0,max_steps,cbc2cc3fdb4cf25309d3f67d5b7a04067bdd10b9,/mnt/d/VLA/msc26-vla/runs/pilot-telemetry-accounting-preflight-20260824/resolved_config.json
Static-H1,0,1001,1,,,,,,,,,,,not_started_dry_run,cbc2cc3fdb4cf25309d3f67d5b7a04067bdd10b9,/mnt/d/VLA/msc26-vla/runs/pilot-telemetry-accounting-preflight-20260824/resolved_config.json
Static-H1,0,1002,2,,,,,,,,,,,not_started_dry_run,cbc2cc3fdb4cf25309d3f67d5b7a04067bdd10b9,/mnt/d/VLA/msc26-vla/runs/pilot-telemetry-accounting-preflight-20260824/resolved_config.json
Static-H1,0,1003,3,,,,,,,,,,,not_started_dry_run,cbc2cc3fdb4cf25309d3f67d5b7a04067bdd10b9,/mnt/d/VLA/msc26-vla/runs/pilot-telemetry-accounting-preflight-20260824/resolved_config.json
Static-H1,0,1004,4,,,,,,,,,,,not_started_dry_run,cbc2cc3fdb4cf25309d3f67d5b7a04067bdd10b9,/mnt/d/VLA/msc26-vla/runs/pilot-telemetry-accounting-preflight-20260824/resolved_config.json
Static-H1,1,1000,0,False,,280,145.9910551819994,280,86.79272579988901,9,9,0,1.0,max_steps,cbc2cc3fdb4cf25309d3f67d5b7a04067bdd10b9,/mnt/d/VLA/msc26-vla/runs/pilot-telemetry-accounting-preflight-20260824/resolved_config.json
Static-H1,1,1001,1,,,,,,,,,,,not_started_dry_run,cbc2cc3fdb4cf25309d3f67d5b7a04067bdd10b9,/mnt/d/VLA/msc26-vla/runs/pilot-telemetry-accounting-preflight-20260824/resolved_config.json
Static-H1,1,1002,2,,,,,,,,,,,not_started_dry_run,cbc2cc3fdb4cf25309d3f67d5b7a04067bdd10b9,/mnt/d/VLA/msc26-vla/runs/pilot-telemetry-accounting-preflight-20260824/resolved_config.json
Static-H1,1,1003,3,,,,,,,,,,,not_started_dry_run,cbc2cc3fdb4cf25309d3f67d5b7a04067bdd10b9,/mnt/d/VLA/msc26-vla/runs/pilot-telemetry-accounting-preflight-20260824/resolved_config.json
Static-H1,1,1004,4,,,,,,,,,,,not_started_dry_run,cbc2cc3fdb4cf25309d3f67d5b7a04067bdd10b9,/mnt/d/VLA/msc26-vla/runs/pilot-telemetry-accounting-preflight-20260824/resolved_config.json
Static-H1,2,1000,0,False,,280,144.38790795300156,280,86.50013490003039,15,15,0,1.0,max_steps,cbc2cc3fdb4cf25309d3f67d5b7a04067bdd10b9,/mnt/d/VLA/msc26-vla/runs/pilot-telemetry-accounting-preflight-20260824/resolved_config.json
Static-H1,2,1001,1,,,,,,,,,,,not_started_dry_run,cbc2cc3fdb4cf25309d3f67d5b7a04067bdd10b9,/mnt/d/VLA/msc26-vla/runs/pilot-telemetry-accounting-preflight-20260824/resolved_config.json
Static-H1,2,1002,2,,,,,,,,,,,not_started_dry_run,cbc2cc3fdb4cf25309d3f67d5b7a04067bdd10b9,/mnt/d/VLA/msc26-vla/runs/pilot-telemetry-accounting-preflight-20260824/resolved_config.json
Static-H1,2,1003,3,,,,,,,,,,,not_started_dry_run,cbc2cc3fdb4cf25309d3f67d5b7a04067bdd10b9,/mnt/d/VLA/msc26-vla/runs/pilot-telemetry-accounting-preflight-20260824/resolved_config.json
Static-H1,2,1004,4,,,,,,,,,,,not_started_dry_run,cbc2cc3fdb4cf25309d3f67d5b7a04067bdd10b9,/mnt/d/VLA/msc26-vla/runs/pilot-telemetry-accounting-preflight-20260824/resolved_config.json
Static-H1,3,1000,0,False,,280,144.5814818449944,280,84.87528327096516,41,41,0,1.0,max_steps,cbc2cc3fdb4cf25309d3f67d5b7a04067bdd10b9,/mnt/d/VLA/msc26-vla/runs/pilot-telemetry-accounting-preflight-20260824/resolved_config.json
Static-H1,3,1001,1,,,,,,,,,,,not_started_dry_run,cbc2cc3fdb4cf25309d3f67d5b7a04067bdd10b9,/mnt/d/VLA/msc26-vla/runs/pilot-telemetry-accounting-preflight-20260824/resolved_config.json
Static-H1,3,1002,2,,,,,,,,,,,not_started_dry_run,cbc2cc3fdb4cf25309d3f67d5b7a04067bdd10b9,/mnt/d/VLA/msc26-vla/runs/pilot-telemetry-accounting-preflight-20260824/resolved_config.json
Static-H1,3,1003,3,,,,,,,,,,,not_started_dry_run,cbc2cc3fdb4cf25309d3f67d5b7a04067bdd10b9,/mnt/d/VLA/msc26-vla/runs/pilot-telemetry-accounting-preflight-20260824/resolved_config.json
Static-H1,3,1004,4,,,,,,,,,,,not_started_dry_run,cbc2cc3fdb4cf25309d3f67d5b7a04067bdd10b9,/mnt/d/VLA/msc26-vla/runs/pilot-telemetry-accounting-preflight-20260824/resolved_config.json
Static-H1,4,1000,0,False,,280,140.53357580800366,280,84.63485160495475,46,46,0,1.0,max_steps,cbc2cc3fdb4cf25309d3f67d5b7a04067bdd10b9,/mnt/d/VLA/msc26-vla/runs/pilot-telemetry-accounting-preflight-20260824/resolved_config.json
Static-H1,4,1001,1,,,,,,,,,,,not_started_dry_run,cbc2cc3fdb4cf25309d3f67d5b7a04067bdd10b9,/mnt/d/VLA/msc26-vla/runs/pilot-telemetry-accounting-preflight-20260824/resolved_config.json
Static-H1,4,1002,2,,,,,,,,,,,not_started_dry_run,cbc2cc3fdb4cf25309d3f67d5b7a04067bdd10b9,/mnt/d/VLA/msc26-vla/runs/pilot-telemetry-accounting-preflight-20260824/resolved_config.json
Static-H1,4,1003,3,,,,,,,,,,,not_started_dry_run,cbc2cc3fdb4cf25309d3f67d5b7a04067bdd10b9,/mnt/d/VLA/msc26-vla/runs/pilot-telemetry-accounting-preflight-20260824/resolved_config.json
Static-H1,4,1004,4,,,,,,,,,,,not_started_dry_run,cbc2cc3fdb4cf25309d3f67d5b7a04067bdd10b9,/mnt/d/VLA/msc26-vla/runs/pilot-telemetry-accounting-preflight-20260824/resolved_config.json
Static-H1,5,1000,0,False,,280,150.27551754600427,280,86.55645566591556,74,74,0,1.0,max_steps,cbc2cc3fdb4cf25309d3f67d5b7a04067bdd10b9,/mnt/d/VLA/msc26-vla/runs/pilot-telemetry-accounting-preflight-20260824/resolved_config.json
Static-H1,5,1001,1,,,,,,,,,,,not_started_dry_run,cbc2cc3fdb4cf25309d3f67d5b7a04067bdd10b9,/mnt/d/VLA/msc26-vla/runs/pilot-telemetry-accounting-preflight-20260824/resolved_config.json
Static-H1,5,1002,2,,,,,,,,,,,not_started_dry_run,cbc2cc3fdb4cf25309d3f67d5b7a04067bdd10b9,/mnt/d/VLA/msc26-vla/runs/pilot-telemetry-accounting-preflight-20260824/resolved_config.json
Static-H1,5,1003,3,,,,,,,,,,,not_started_dry_run,cbc2cc3fdb4cf25309d3f67d5b7a04067bdd10b9,/mnt/d/VLA/msc26-vla/runs/pilot-telemetry-accounting-preflight-20260824/resolved_config.json
Static-H1,5,1004,4,,,,,,,,,,,not_started_dry_run,cbc2cc3fdb4cf25309d3f67d5b7a04067bdd10b9,/mnt/d/VLA/msc26-vla/runs/pilot-telemetry-accounting-preflight-20260824/resolved_config.json
Static-H1,6,1000,0,True,152,152,81.03906959799497,152,47.011834173034,59,59,0,1.0,success,cbc2cc3fdb4cf25309d3f67d5b7a04067bdd10b9,/mnt/d/VLA/msc26-vla/runs/pilot-telemetry-accounting-preflight-20260824/resolved_config.json
Static-H1,6,1001,1,,,,,,,,,,,not_started_dry_run,cbc2cc3fdb4cf25309d3f67d5b7a04067bdd10b9,/mnt/d/VLA/msc26-vla/runs/pilot-telemetry-accounting-preflight-20260824/resolved_config.json
Static-H1,6,1002,2,,,,,,,,,,,not_started_dry_run,cbc2cc3fdb4cf25309d3f67d5b7a04067bdd10b9,/mnt/d/VLA/msc26-vla/runs/pilot-telemetry-accounting-preflight-20260824/resolved_config.json
Static-H1,6,1003,3,,,,,,,,,,,not_started_dry_run,cbc2cc3fdb4cf25309d3f67d5b7a04067bdd10b9,/mnt/d/VLA/msc26-vla/runs/pilot-telemetry-accounting-preflight-20260824/resolved_config.json
Static-H1,6,1004,4,,,,,,,,,,,not_started_dry_run,cbc2cc3fdb4cf25309d3f67d5b7a04067bdd10b9,/mnt/d/VLA/msc26-vla/runs/pilot-telemetry-accounting-preflight-20260824/resolved_config.json
Static-H1,7,1000,0,False,,280,151.24384464399918,280,86.34282110404456,56,56,0,1.0,max_steps,cbc2cc3fdb4cf25309d3f67d5b7a04067bdd10b9,/mnt/d/VLA/msc26-vla/runs/pilot-telemetry-accounting-preflight-20260824/resolved_config.json
Static-H1,7,1001,1,,,,,,,,,,,not_started_dry_run,cbc2cc3fdb4cf25309d3f67d5b7a04067bdd10b9,/mnt/d/VLA/msc26-vla/runs/pilot-telemetry-accounting-preflight-20260824/resolved_config.json
Static-H1,7,1002,2,,,,,,,,,,,not_started_dry_run,cbc2cc3fdb4cf25309d3f67d5b7a04067bdd10b9,/mnt/d/VLA/msc26-vla/runs/pilot-telemetry-accounting-preflight-20260824/resolved_config.json
Static-H1,7,1003,3,,,,,,,,,,,not_started_dry_run,cbc2cc3fdb4cf25309d3f67d5b7a04067bdd10b9,/mnt/d/VLA/msc26-vla/runs/pilot-telemetry-accounting-preflight-20260824/resolved_config.json
Static-H1,7,1004,4,,,,,,,,,,,not_started_dry_run,cbc2cc3fdb4cf25309d3f67d5b7a04067bdd10b9,/mnt/d/VLA/msc26-vla/runs/pilot-telemetry-accounting-preflight-20260824/resolved_config.json
Static-H1,8,1000,0,False,,280,144.80561122399376,280,87.42842221203318,32,32,0,1.0,max_steps,cbc2cc3fdb4cf25309d3f67d5b7a04067bdd10b9,/mnt/d/VLA/msc26-vla/runs/pilot-telemetry-accounting-preflight-20260824/resolved_config.json
Static-H1,8,1001,1,,,,,,,,,,,not_started_dry_run,cbc2cc3fdb4cf25309d3f67d5b7a04067bdd10b9,/mnt/d/VLA/msc26-vla/runs/pilot-telemetry-accounting-preflight-20260824/resolved_config.json
Static-H1,8,1002,2,,,,,,,,,,,not_started_dry_run,cbc2cc3fdb4cf25309d3f67d5b7a04067bdd10b9,/mnt/d/VLA/msc26-vla/runs/pilot-telemetry-accounting-preflight-20260824/resolved_config.json
Static-H1,8,1003,3,,,,,,,,,,,not_started_dry_run,cbc2cc3fdb4cf25309d3f67d5b7a04067bdd10b9,/mnt/d/VLA/msc26-vla/runs/pilot-telemetry-accounting-preflight-20260824/resolved_config.json
Static-H1,8,1004,4,,,,,,,,,,,not_started_dry_run,cbc2cc3fdb4cf25309d3f67d5b7a04067bdd10b9,/mnt/d/VLA/msc26-vla/runs/pilot-telemetry-accounting-preflight-20260824/resolved_config.json
Static-H1,9,1000,0,False,,280,146.51460373999726,280,87.23590224402142,36,36,0,1.0,max_steps,cbc2cc3fdb4cf25309d3f67d5b7a04067bdd10b9,/mnt/d/VLA/msc26-vla/runs/pilot-telemetry-accounting-preflight-20260824/resolved_config.json
Static-H1,9,1001,1,,,,,,,,,,,not_started_dry_run,cbc2cc3fdb4cf25309d3f67d5b7a04067bdd10b9,/mnt/d/VLA/msc26-vla/runs/pilot-telemetry-accounting-preflight-20260824/resolved_config.json
Static-H1,9,1002,2,,,,,,,,,,,not_started_dry_run,cbc2cc3fdb4cf25309d3f67d5b7a04067bdd10b9,/mnt/d/VLA/msc26-vla/runs/pilot-telemetry-accounting-preflight-20260824/resolved_config.json
Static-H1,9,1003,3,,,,,,,,,,,not_started_dry_run,cbc2cc3fdb4cf25309d3f67d5b7a04067bdd10b9,/mnt/d/VLA/msc26-vla/runs/pilot-telemetry-accounting-preflight-20260824/resolved_config.json
Static-H1,9,1004,4,,,,,,,,,,,not_started_dry_run,cbc2cc3fdb4cf25309d3f67d5b7a04067bdd10b9,/mnt/d/VLA/msc26-vla/runs/pilot-telemetry-accounting-preflight-20260824/resolved_config.json
Static-H5,0,1000,0,False,,280,77.55282593699667,56,19.610844572991482,28,28,0,5.0,max_steps,cbc2cc3fdb4cf25309d3f67d5b7a04067bdd10b9,/mnt/d/VLA/msc26-vla/runs/pilot-telemetry-accounting-preflight-20260824/resolved_config.json
Static-H5,0,1001,1,,,,,,,,,,,not_started_dry_run,cbc2cc3fdb4cf25309d3f67d5b7a04067bdd10b9,/mnt/d/VLA/msc26-vla/runs/pilot-telemetry-accounting-preflight-20260824/resolved_config.json
Static-H5,0,1002,2,,,,,,,,,,,not_started_dry_run,cbc2cc3fdb4cf25309d3f67d5b7a04067bdd10b9,/mnt/d/VLA/msc26-vla/runs/pilot-telemetry-accounting-preflight-20260824/resolved_config.json
Static-H5,0,1003,3,,,,,,,,,,,not_started_dry_run,cbc2cc3fdb4cf25309d3f67d5b7a04067bdd10b9,/mnt/d/VLA/msc26-vla/runs/pilot-telemetry-accounting-preflight-20260824/resolved_config.json
Static-H5,0,1004,4,,,,,,,,,,,not_started_dry_run,cbc2cc3fdb4cf25309d3f67d5b7a04067bdd10b9,/mnt/d/VLA/msc26-vla/runs/pilot-telemetry-accounting-preflight-20260824/resolved_config.json
Static-H5,1,1000,0,False,,280,78.26324199100054,56,19.672047280997504,23,23,0,5.0,max_steps,cbc2cc3fdb4cf25309d3f67d5b7a04067bdd10b9,/mnt/d/VLA/msc26-vla/runs/pilot-telemetry-accounting-preflight-20260824/resolved_config.json
Static-H5,1,1001,1,,,,,,,,,,,not_started_dry_run,cbc2cc3fdb4cf25309d3f67d5b7a04067bdd10b9,/mnt/d/VLA/msc26-vla/runs/pilot-telemetry-accounting-preflight-20260824/resolved_config.json
Static-H5,1,1002,2,,,,,,,,,,,not_started_dry_run,cbc2cc3fdb4cf25309d3f67d5b7a04067bdd10b9,/mnt/d/VLA/msc26-vla/runs/pilot-telemetry-accounting-preflight-20260824/resolved_config.json
Static-H5,1,1003,3,,,,,,,,,,,not_started_dry_run,cbc2cc3fdb4cf25309d3f67d5b7a04067bdd10b9,/mnt/d/VLA/msc26-vla/runs/pilot-telemetry-accounting-preflight-20260824/resolved_config.json
Static-H5,1,1004,4,,,,,,,,,,,not_started_dry_run,cbc2cc3fdb4cf25309d3f67d5b7a04067bdd10b9,/mnt/d/VLA/msc26-vla/runs/pilot-telemetry-accounting-preflight-20260824/resolved_config.json
Static-H5,2,1000,0,False,,280,77.80743830699794,56,18.798500903016247,59,59,0,5.0,max_steps,cbc2cc3fdb4cf25309d3f67d5b7a04067bdd10b9,/mnt/d/VLA/msc26-vla/runs/pilot-telemetry-accounting-preflight-20260824/resolved_config.json
Static-H5,2,1001,1,,,,,,,,,,,not_started_dry_run,cbc2cc3fdb4cf25309d3f67d5b7a04067bdd10b9,/mnt/d/VLA/msc26-vla/runs/pilot-telemetry-accounting-preflight-20260824/resolved_config.json
Static-H5,2,1002,2,,,,,,,,,,,not_started_dry_run,cbc2cc3fdb4cf25309d3f67d5b7a04067bdd10b9,/mnt/d/VLA/msc26-vla/runs/pilot-telemetry-accounting-preflight-20260824/resolved_config.json
Static-H5,2,1003,3,,,,,,,,,,,not_started_dry_run,cbc2cc3fdb4cf25309d3f67d5b7a04067bdd10b9,/mnt/d/VLA/msc26-vla/runs/pilot-telemetry-accounting-preflight-20260824/resolved_config.json
Static-H5,2,1004,4,,,,,,,,,,,not_started_dry_run,cbc2cc3fdb4cf25309d3f67d5b7a04067bdd10b9,/mnt/d/VLA/msc26-vla/runs/pilot-telemetry-accounting-preflight-20260824/resolved_config.json
Static-H5,3,1000,0,True,100,100,30.773795857996447,20,7.69686543399439,45,45,0,5.0,success,cbc2cc3fdb4cf25309d3f67d5b7a04067bdd10b9,/mnt/d/VLA/msc26-vla/runs/pilot-telemetry-accounting-preflight-20260824/resolved_config.json
Static-H5,3,1001,1,,,,,,,,,,,not_started_dry_run,cbc2cc3fdb4cf25309d3f67d5b7a04067bdd10b9,/mnt/d/VLA/msc26-vla/runs/pilot-telemetry-accounting-preflight-20260824/resolved_config.json
Static-H5,3,1002,2,,,,,,,,,,,not_started_dry_run,cbc2cc3fdb4cf25309d3f67d5b7a04067bdd10b9,/mnt/d/VLA/msc26-vla/runs/pilot-telemetry-accounting-preflight-20260824/resolved_config.json
Static-H5,3,1003,3,,,,,,,,,,,not_started_dry_run,cbc2cc3fdb4cf25309d3f67d5b7a04067bdd10b9,/mnt/d/VLA/msc26-vla/runs/pilot-telemetry-accounting-preflight-20260824/resolved_config.json
Static-H5,3,1004,4,,,,,,,,,,,not_started_dry_run,cbc2cc3fdb4cf25309d3f67d5b7a04067bdd10b9,/mnt/d/VLA/msc26-vla/runs/pilot-telemetry-accounting-preflight-20260824/resolved_config.json
Static-H5,4,1000,0,False,,280,74.14141236899741,56,19.649556343996665,75,75,0,5.0,max_steps,cbc2cc3fdb4cf25309d3f67d5b7a04067bdd10b9,/mnt/d/VLA/msc26-vla/runs/pilot-telemetry-accounting-preflight-20260824/resolved_config.json
Static-H5,4,1001,1,,,,,,,,,,,not_started_dry_run,cbc2cc3fdb4cf25309d3f67d5b7a04067bdd10b9,/mnt/d/VLA/msc26-vla/runs/pilot-telemetry-accounting-preflight-20260824/resolved_config.json
Static-H5,4,1002,2,,,,,,,,,,,not_started_dry_run,cbc2cc3fdb4cf25309d3f67d5b7a04067bdd10b9,/mnt/d/VLA/msc26-vla/runs/pilot-telemetry-accounting-preflight-20260824/resolved_config.json
Static-H5,4,1003,3,,,,,,,,,,,not_started_dry_run,cbc2cc3fdb4cf25309d3f67d5b7a04067bdd10b9,/mnt/d/VLA/msc26-vla/runs/pilot-telemetry-accounting-preflight-20260824/resolved_config.json
Static-H5,4,1004,4,,,,,,,,,,,not_started_dry_run,cbc2cc3fdb4cf25309d3f67d5b7a04067bdd10b9,/mnt/d/VLA/msc26-vla/runs/pilot-telemetry-accounting-preflight-20260824/resolved_config.json
Static-H5,5,1000,0,False,,280,82.51793202900444,56,20.493831232990487,47,47,0,5.0,max_steps,cbc2cc3fdb4cf25309d3f67d5b7a04067bdd10b9,/mnt/d/VLA/msc26-vla/runs/pilot-telemetry-accounting-preflight-20260824/resolved_config.json
Static-H5,5,1001,1,,,,,,,,,,,not_started_dry_run,cbc2cc3fdb4cf25309d3f67d5b7a04067bdd10b9,/mnt/d/VLA/msc26-vla/runs/pilot-telemetry-accounting-preflight-20260824/resolved_config.json
Static-H5,5,1002,2,,,,,,,,,,,not_started_dry_run,cbc2cc3fdb4cf25309d3f67d5b7a04067bdd10b9,/mnt/d/VLA/msc26-vla/runs/pilot-telemetry-accounting-preflight-20260824/resolved_config.json
Static-H5,5,1003,3,,,,,,,,,,,not_started_dry_run,cbc2cc3fdb4cf25309d3f67d5b7a04067bdd10b9,/mnt/d/VLA/msc26-vla/runs/pilot-telemetry-accounting-preflight-20260824/resolved_config.json
Static-H5,5,1004,4,,,,,,,,,,,not_started_dry_run,cbc2cc3fdb4cf25309d3f67d5b7a04067bdd10b9,/mnt/d/VLA/msc26-vla/runs/pilot-telemetry-accounting-preflight-20260824/resolved_config.json
Static-H5,6,1000,0,False,,280,77.8227029510017,56,20.50917880097404,122,122,0,5.0,max_steps,cbc2cc3fdb4cf25309d3f67d5b7a04067bdd10b9,/mnt/d/VLA/msc26-vla/runs/pilot-telemetry-accounting-preflight-20260824/resolved_config.json
Static-H5,6,1001,1,,,,,,,,,,,not_started_dry_run,cbc2cc3fdb4cf25309d3f67d5b7a04067bdd10b9,/mnt/d/VLA/msc26-vla/runs/pilot-telemetry-accounting-preflight-20260824/resolved_config.json
Static-H5,6,1002,2,,,,,,,,,,,not_started_dry_run,cbc2cc3fdb4cf25309d3f67d5b7a04067bdd10b9,/mnt/d/VLA/msc26-vla/runs/pilot-telemetry-accounting-preflight-20260824/resolved_config.json
Static-H5,6,1003,3,,,,,,,,,,,not_started_dry_run,cbc2cc3fdb4cf25309d3f67d5b7a04067bdd10b9,/mnt/d/VLA/msc26-vla/runs/pilot-telemetry-accounting-preflight-20260824/resolved_config.json
Static-H5,6,1004,4,,,,,,,,,,,not_started_dry_run,cbc2cc3fdb4cf25309d3f67d5b7a04067bdd10b9,/mnt/d/VLA/msc26-vla/runs/pilot-telemetry-accounting-preflight-20260824/resolved_config.json
Static-H5,7,1000,0,False,,280,82.12311960499937,56,18.982808495980862,134,134,0,5.0,max_steps,cbc2cc3fdb4cf25309d3f67d5b7a04067bdd10b9,/mnt/d/VLA/msc26-vla/runs/pilot-telemetry-accounting-preflight-20260824/resolved_config.json
Static-H5,7,1001,1,,,,,,,,,,,not_started_dry_run,cbc2cc3fdb4cf25309d3f67d5b7a04067bdd10b9,/mnt/d/VLA/msc26-vla/runs/pilot-telemetry-accounting-preflight-20260824/resolved_config.json
Static-H5,7,1002,2,,,,,,,,,,,not_started_dry_run,cbc2cc3fdb4cf25309d3f67d5b7a04067bdd10b9,/mnt/d/VLA/msc26-vla/runs/pilot-telemetry-accounting-preflight-20260824/resolved_config.json
Static-H5,7,1003,3,,,,,,,,,,,not_started_dry_run,cbc2cc3fdb4cf25309d3f67d5b7a04067bdd10b9,/mnt/d/VLA/msc26-vla/runs/pilot-telemetry-accounting-preflight-20260824/resolved_config.json
Static-H5,7,1004,4,,,,,,,,,,,not_started_dry_run,cbc2cc3fdb4cf25309d3f67d5b7a04067bdd10b9,/mnt/d/VLA/msc26-vla/runs/pilot-telemetry-accounting-preflight-20260824/resolved_config.json
Static-H5,8,1000,0,False,,280,75.22497664600087,56,19.26552945496951,30,30,0,5.0,max_steps,cbc2cc3fdb4cf25309d3f67d5b7a04067bdd10b9,/mnt/d/VLA/msc26-vla/runs/pilot-telemetry-accounting-preflight-20260824/resolved_config.json
Static-H5,8,1001,1,,,,,,,,,,,not_started_dry_run,cbc2cc3fdb4cf25309d3f67d5b7a04067bdd10b9,/mnt/d/VLA/msc26-vla/runs/pilot-telemetry-accounting-preflight-20260824/resolved_config.json
Static-H5,8,1002,2,,,,,,,,,,,not_started_dry_run,cbc2cc3fdb4cf25309d3f67d5b7a04067bdd10b9,/mnt/d/VLA/msc26-vla/runs/pilot-telemetry-accounting-preflight-20260824/resolved_config.json
Static-H5,8,1003,3,,,,,,,,,,,not_started_dry_run,cbc2cc3fdb4cf25309d3f67d5b7a04067bdd10b9,/mnt/d/VLA/msc26-vla/runs/pilot-telemetry-accounting-preflight-20260824/resolved_config.json
Static-H5,8,1004,4,,,,,,,,,,,not_started_dry_run,cbc2cc3fdb4cf25309d3f67d5b7a04067bdd10b9,/mnt/d/VLA/msc26-vla/runs/pilot-telemetry-accounting-preflight-20260824/resolved_config.json
Static-H5,9,1000,0,False,,280,76.27375129499706,56,20.174745895943488,74,74,0,5.0,max_steps,cbc2cc3fdb4cf25309d3f67d5b7a04067bdd10b9,/mnt/d/VLA/msc26-vla/runs/pilot-telemetry-accounting-preflight-20260824/resolved_config.json
Static-H5,9,1001,1,,,,,,,,,,,not_started_dry_run,cbc2cc3fdb4cf25309d3f67d5b7a04067bdd10b9,/mnt/d/VLA/msc26-vla/runs/pilot-telemetry-accounting-preflight-20260824/resolved_config.json
Static-H5,9,1002,2,,,,,,,,,,,not_started_dry_run,cbc2cc3fdb4cf25309d3f67d5b7a04067bdd10b9,/mnt/d/VLA/msc26-vla/runs/pilot-telemetry-accounting-preflight-20260824/resolved_config.json
Static-H5,9,1003,3,,,,,,,,,,,not_started_dry_run,cbc2cc3fdb4cf25309d3f67d5b7a04067bdd10b9,/mnt/d/VLA/msc26-vla/runs/pilot-telemetry-accounting-preflight-20260824/resolved_config.json
Static-H5,9,1004,4,,,,,,,,,,,not_started_dry_run,cbc2cc3fdb4cf25309d3f67d5b7a04067bdd10b9,/mnt/d/VLA/msc26-vla/runs/pilot-telemetry-accounting-preflight-20260824/resolved_config.json
Static-H10,0,1000,0,False,,280,70.95506020099856,28,13.826617830971372,51,51,0,10.0,max_steps,cbc2cc3fdb4cf25309d3f67d5b7a04067bdd10b9,/mnt/d/VLA/msc26-vla/runs/pilot-telemetry-accounting-preflight-20260824/resolved_config.json
Static-H10,0,1001,1,,,,,,,,,,,not_started_dry_run,cbc2cc3fdb4cf25309d3f67d5b7a04067bdd10b9,/mnt/d/VLA/msc26-vla/runs/pilot-telemetry-accounting-preflight-20260824/resolved_config.json
Static-H10,0,1002,2,,,,,,,,,,,not_started_dry_run,cbc2cc3fdb4cf25309d3f67d5b7a04067bdd10b9,/mnt/d/VLA/msc26-vla/runs/pilot-telemetry-accounting-preflight-20260824/resolved_config.json
Static-H10,0,1003,3,,,,,,,,,,,not_started_dry_run,cbc2cc3fdb4cf25309d3f67d5b7a04067bdd10b9,/mnt/d/VLA/msc26-vla/runs/pilot-telemetry-accounting-preflight-20260824/resolved_config.json
Static-H10,0,1004,4,,,,,,,,,,,not_started_dry_run,cbc2cc3fdb4cf25309d3f67d5b7a04067bdd10b9,/mnt/d/VLA/msc26-vla/runs/pilot-telemetry-accounting-preflight-20260824/resolved_config.json
Static-H10,1,1000,0,False,,280,71.4388708339975,28,13.460037621967786,44,44,0,10.0,max_steps,cbc2cc3fdb4cf25309d3f67d5b7a04067bdd10b9,/mnt/d/VLA/msc26-vla/runs/pilot-telemetry-accounting-preflight-20260824/resolved_config.json
Static-H10,1,1001,1,,,,,,,,,,,not_started_dry_run,cbc2cc3fdb4cf25309d3f67d5b7a04067bdd10b9,/mnt/d/VLA/msc26-vla/runs/pilot-telemetry-accounting-preflight-20260824/resolved_config.json
Static-H10,1,1002,2,,,,,,,,,,,not_started_dry_run,cbc2cc3fdb4cf25309d3f67d5b7a04067bdd10b9,/mnt/d/VLA/msc26-vla/runs/pilot-telemetry-accounting-preflight-20260824/resolved_config.json
Static-H10,1,1003,3,,,,,,,,,,,not_started_dry_run,cbc2cc3fdb4cf25309d3f67d5b7a04067bdd10b9,/mnt/d/VLA/msc26-vla/runs/pilot-telemetry-accounting-preflight-20260824/resolved_config.json
Static-H10,1,1004,4,,,,,,,,,,,not_started_dry_run,cbc2cc3fdb4cf25309d3f67d5b7a04067bdd10b9,/mnt/d/VLA/msc26-vla/runs/pilot-telemetry-accounting-preflight-20260824/resolved_config.json
Static-H10,2,1000,0,False,,280,72.65076612400298,28,13.63226413000666,77,77,0,10.0,max_steps,cbc2cc3fdb4cf25309d3f67d5b7a04067bdd10b9,/mnt/d/VLA/msc26-vla/runs/pilot-telemetry-accounting-preflight-20260824/resolved_config.json
Static-H10,2,1001,1,,,,,,,,,,,not_started_dry_run,cbc2cc3fdb4cf25309d3f67d5b7a04067bdd10b9,/mnt/d/VLA/msc26-vla/runs/pilot-telemetry-accounting-preflight-20260824/resolved_config.json
Static-H10,2,1002,2,,,,,,,,,,,not_started_dry_run,cbc2cc3fdb4cf25309d3f67d5b7a04067bdd10b9,/mnt/d/VLA/msc26-vla/runs/pilot-telemetry-accounting-preflight-20260824/resolved_config.json
Static-H10,2,1003,3,,,,,,,,,,,not_started_dry_run,cbc2cc3fdb4cf25309d3f67d5b7a04067bdd10b9,/mnt/d/VLA/msc26-vla/runs/pilot-telemetry-accounting-preflight-20260824/resolved_config.json
Static-H10,2,1004,4,,,,,,,,,,,not_started_dry_run,cbc2cc3fdb4cf25309d3f67d5b7a04067bdd10b9,/mnt/d/VLA/msc26-vla/runs/pilot-telemetry-accounting-preflight-20260824/resolved_config.json
Static-H10,3,1000,0,False,,280,72.92429143499612,28,13.698401029025263,84,84,0,10.0,max_steps,cbc2cc3fdb4cf25309d3f67d5b7a04067bdd10b9,/mnt/d/VLA/msc26-vla/runs/pilot-telemetry-accounting-preflight-20260824/resolved_config.json
Static-H10,3,1001,1,,,,,,,,,,,not_started_dry_run,cbc2cc3fdb4cf25309d3f67d5b7a04067bdd10b9,/mnt/d/VLA/msc26-vla/runs/pilot-telemetry-accounting-preflight-20260824/resolved_config.json
Static-H10,3,1002,2,,,,,,,,,,,not_started_dry_run,cbc2cc3fdb4cf25309d3f67d5b7a04067bdd10b9,/mnt/d/VLA/msc26-vla/runs/pilot-telemetry-accounting-preflight-20260824/resolved_config.json
Static-H10,3,1003,3,,,,,,,,,,,not_started_dry_run,cbc2cc3fdb4cf25309d3f67d5b7a04067bdd10b9,/mnt/d/VLA/msc26-vla/runs/pilot-telemetry-accounting-preflight-20260824/resolved_config.json
Static-H10,3,1004,4,,,,,,,,,,,not_started_dry_run,cbc2cc3fdb4cf25309d3f67d5b7a04067bdd10b9,/mnt/d/VLA/msc26-vla/runs/pilot-telemetry-accounting-preflight-20260824/resolved_config.json
Static-H10,4,1000,0,False,,280,69.7829408079997,28,13.024339140982192,92,92,0,10.0,max_steps,cbc2cc3fdb4cf25309d3f67d5b7a04067bdd10b9,/mnt/d/VLA/msc26-vla/runs/pilot-telemetry-accounting-preflight-20260824/resolved_config.json
Static-H10,4,1001,1,,,,,,,,,,,not_started_dry_run,cbc2cc3fdb4cf25309d3f67d5b7a04067bdd10b9,/mnt/d/VLA/msc26-vla/runs/pilot-telemetry-accounting-preflight-20260824/resolved_config.json
Static-H10,4,1002,2,,,,,,,,,,,not_started_dry_run,cbc2cc3fdb4cf25309d3f67d5b7a04067bdd10b9,/mnt/d/VLA/msc26-vla/runs/pilot-telemetry-accounting-preflight-20260824/resolved_config.json
Static-H10,4,1003,3,,,,,,,,,,,not_started_dry_run,cbc2cc3fdb4cf25309d3f67d5b7a04067bdd10b9,/mnt/d/VLA/msc26-vla/runs/pilot-telemetry-accounting-preflight-20260824/resolved_config.json
Static-H10,4,1004,4,,,,,,,,,,,not_started_dry_run,cbc2cc3fdb4cf25309d3f67d5b7a04067bdd10b9,/mnt/d/VLA/msc26-vla/runs/pilot-telemetry-accounting-preflight-20260824/resolved_config.json
Static-H10,5,1000,0,False,,280,76.03496548999829,28,13.195933164992312,103,103,0,10.0,max_steps,cbc2cc3fdb4cf25309d3f67d5b7a04067bdd10b9,/mnt/d/VLA/msc26-vla/runs/pilot-telemetry-accounting-preflight-20260824/resolved_config.json
Static-H10,5,1001,1,,,,,,,,,,,not_started_dry_run,cbc2cc3fdb4cf25309d3f67d5b7a04067bdd10b9,/mnt/d/VLA/msc26-vla/runs/pilot-telemetry-accounting-preflight-20260824/resolved_config.json
Static-H10,5,1002,2,,,,,,,,,,,not_started_dry_run,cbc2cc3fdb4cf25309d3f67d5b7a04067bdd10b9,/mnt/d/VLA/msc26-vla/runs/pilot-telemetry-accounting-preflight-20260824/resolved_config.json
Static-H10,5,1003,3,,,,,,,,,,,not_started_dry_run,cbc2cc3fdb4cf25309d3f67d5b7a04067bdd10b9,/mnt/d/VLA/msc26-vla/runs/pilot-telemetry-accounting-preflight-20260824/resolved_config.json
Static-H10,5,1004,4,,,,,,,,,,,not_started_dry_run,cbc2cc3fdb4cf25309d3f67d5b7a04067bdd10b9,/mnt/d/VLA/msc26-vla/runs/pilot-telemetry-accounting-preflight-20260824/resolved_config.json
Static-H10,6,1000,0,True,125,125,33.596889102002024,13,6.155038953002077,81,81,0,10.0,success,cbc2cc3fdb4cf25309d3f67d5b7a04067bdd10b9,/mnt/d/VLA/msc26-vla/runs/pilot-telemetry-accounting-preflight-20260824/resolved_config.json
Static-H10,6,1001,1,,,,,,,,,,,not_started_dry_run,cbc2cc3fdb4cf25309d3f67d5b7a04067bdd10b9,/mnt/d/VLA/msc26-vla/runs/pilot-telemetry-accounting-preflight-20260824/resolved_config.json
Static-H10,6,1002,2,,,,,,,,,,,not_started_dry_run,cbc2cc3fdb4cf25309d3f67d5b7a04067bdd10b9,/mnt/d/VLA/msc26-vla/runs/pilot-telemetry-accounting-preflight-20260824/resolved_config.json
Static-H10,6,1003,3,,,,,,,,,,,not_started_dry_run,cbc2cc3fdb4cf25309d3f67d5b7a04067bdd10b9,/mnt/d/VLA/msc26-vla/runs/pilot-telemetry-accounting-preflight-20260824/resolved_config.json
Static-H10,6,1004,4,,,,,,,,,,,not_started_dry_run,cbc2cc3fdb4cf25309d3f67d5b7a04067bdd10b9,/mnt/d/VLA/msc26-vla/runs/pilot-telemetry-accounting-preflight-20260824/resolved_config.json
Static-H10,7,1000,0,False,,280,74.63020641100593,28,13.071265922983002,200,200,0,10.0,max_steps,cbc2cc3fdb4cf25309d3f67d5b7a04067bdd10b9,/mnt/d/VLA/msc26-vla/runs/pilot-telemetry-accounting-preflight-20260824/resolved_config.json
Static-H10,7,1001,1,,,,,,,,,,,not_started_dry_run,cbc2cc3fdb4cf25309d3f67d5b7a04067bdd10b9,/mnt/d/VLA/msc26-vla/runs/pilot-telemetry-accounting-preflight-20260824/resolved_config.json
Static-H10,7,1002,2,,,,,,,,,,,not_started_dry_run,cbc2cc3fdb4cf25309d3f67d5b7a04067bdd10b9,/mnt/d/VLA/msc26-vla/runs/pilot-telemetry-accounting-preflight-20260824/resolved_config.json
Static-H10,7,1003,3,,,,,,,,,,,not_started_dry_run,cbc2cc3fdb4cf25309d3f67d5b7a04067bdd10b9,/mnt/d/VLA/msc26-vla/runs/pilot-telemetry-accounting-preflight-20260824/resolved_config.json
Static-H10,7,1004,4,,,,,,,,,,,not_started_dry_run,cbc2cc3fdb4cf25309d3f67d5b7a04067bdd10b9,/mnt/d/VLA/msc26-vla/runs/pilot-telemetry-accounting-preflight-20260824/resolved_config.json
Static-H10,8,1000,0,False,,280,70.07576891400095,28,13.119208203002927,35,35,0,10.0,max_steps,cbc2cc3fdb4cf25309d3f67d5b7a04067bdd10b9,/mnt/d/VLA/msc26-vla/runs/pilot-telemetry-accounting-preflight-20260824/resolved_config.json
Static-H10,8,1001,1,,,,,,,,,,,not_started_dry_run,cbc2cc3fdb4cf25309d3f67d5b7a04067bdd10b9,/mnt/d/VLA/msc26-vla/runs/pilot-telemetry-accounting-preflight-20260824/resolved_config.json
Static-H10,8,1002,2,,,,,,,,,,,not_started_dry_run,cbc2cc3fdb4cf25309d3f67d5b7a04067bdd10b9,/mnt/d/VLA/msc26-vla/runs/pilot-telemetry-accounting-preflight-20260824/resolved_config.json
Static-H10,8,1003,3,,,,,,,,,,,not_started_dry_run,cbc2cc3fdb4cf25309d3f67d5b7a04067bdd10b9,/mnt/d/VLA/msc26-vla/runs/pilot-telemetry-accounting-preflight-20260824/resolved_config.json
Static-H10,8,1004,4,,,,,,,,,,,not_started_dry_run,cbc2cc3fdb4cf25309d3f67d5b7a04067bdd10b9,/mnt/d/VLA/msc26-vla/runs/pilot-telemetry-accounting-preflight-20260824/resolved_config.json
Static-H10,9,1000,0,False,,280,69.11719066899968,28,13.0013373380134,77,77,0,10.0,max_steps,cbc2cc3fdb4cf25309d3f67d5b7a04067bdd10b9,/mnt/d/VLA/msc26-vla/runs/pilot-telemetry-accounting-preflight-20260824/resolved_config.json
Static-H10,9,1001,1,,,,,,,,,,,not_started_dry_run,cbc2cc3fdb4cf25309d3f67d5b7a04067bdd10b9,/mnt/d/VLA/msc26-vla/runs/pilot-telemetry-accounting-preflight-20260824/resolved_config.json
Static-H10,9,1002,2,,,,,,,,,,,not_started_dry_run,cbc2cc3fdb4cf25309d3f67d5b7a04067bdd10b9,/mnt/d/VLA/msc26-vla/runs/pilot-telemetry-accounting-preflight-20260824/resolved_config.json
Static-H10,9,1003,3,,,,,,,,,,,not_started_dry_run,cbc2cc3fdb4cf25309d3f67d5b7a04067bdd10b9,/mnt/d/VLA/msc26-vla/runs/pilot-telemetry-accounting-preflight-20260824/resolved_config.json
Static-H10,9,1004,4,,,,,,,,,,,not_started_dry_run,cbc2cc3fdb4cf25309d3f67d5b7a04067bdd10b9,/mnt/d/VLA/msc26-vla/runs/pilot-telemetry-accounting-preflight-20260824/resolved_config.json
Static-H20,0,1000,0,False,,280,65.62008196299576,14,7.774651610001456,140,140,0,20.0,max_steps,cbc2cc3fdb4cf25309d3f67d5b7a04067bdd10b9,/mnt/d/VLA/msc26-vla/runs/pilot-telemetry-accounting-preflight-20260824/resolved_config.json
Static-H20,0,1001,1,,,,,,,,,,,not_started_dry_run,cbc2cc3fdb4cf25309d3f67d5b7a04067bdd10b9,/mnt/d/VLA/msc26-vla/runs/pilot-telemetry-accounting-preflight-20260824/resolved_config.json
Static-H20,0,1002,2,,,,,,,,,,,not_started_dry_run,cbc2cc3fdb4cf25309d3f67d5b7a04067bdd10b9,/mnt/d/VLA/msc26-vla/runs/pilot-telemetry-accounting-preflight-20260824/resolved_config.json
Static-H20,0,1003,3,,,,,,,,,,,not_started_dry_run,cbc2cc3fdb4cf25309d3f67d5b7a04067bdd10b9,/mnt/d/VLA/msc26-vla/runs/pilot-telemetry-accounting-preflight-20260824/resolved_config.json
Static-H20,0,1004,4,,,,,,,,,,,not_started_dry_run,cbc2cc3fdb4cf25309d3f67d5b7a04067bdd10b9,/mnt/d/VLA/msc26-vla/runs/pilot-telemetry-accounting-preflight-20260824/resolved_config.json
Static-H20,1,1000,0,False,,280,64.61715325000114,14,8.360863556001277,94,94,0,20.0,max_steps,cbc2cc3fdb4cf25309d3f67d5b7a04067bdd10b9,/mnt/d/VLA/msc26-vla/runs/pilot-telemetry-accounting-preflight-20260824/resolved_config.json
Static-H20,1,1001,1,,,,,,,,,,,not_started_dry_run,cbc2cc3fdb4cf25309d3f67d5b7a04067bdd10b9,/mnt/d/VLA/msc26-vla/runs/pilot-telemetry-accounting-preflight-20260824/resolved_config.json
Static-H20,1,1002,2,,,,,,,,,,,not_started_dry_run,cbc2cc3fdb4cf25309d3f67d5b7a04067bdd10b9,/mnt/d/VLA/msc26-vla/runs/pilot-telemetry-accounting-preflight-20260824/resolved_config.json
Static-H20,1,1003,3,,,,,,,,,,,not_started_dry_run,cbc2cc3fdb4cf25309d3f67d5b7a04067bdd10b9,/mnt/d/VLA/msc26-vla/runs/pilot-telemetry-accounting-preflight-20260824/resolved_config.json
Static-H20,1,1004,4,,,,,,,,,,,not_started_dry_run,cbc2cc3fdb4cf25309d3f67d5b7a04067bdd10b9,/mnt/d/VLA/msc26-vla/runs/pilot-telemetry-accounting-preflight-20260824/resolved_config.json
Static-H20,2,1000,0,False,,280,67.81998031600233,14,8.670730027988611,73,73,0,20.0,max_steps,cbc2cc3fdb4cf25309d3f67d5b7a04067bdd10b9,/mnt/d/VLA/msc26-vla/runs/pilot-telemetry-accounting-preflight-20260824/resolved_config.json
Static-H20,2,1001,1,,,,,,,,,,,not_started_dry_run,cbc2cc3fdb4cf25309d3f67d5b7a04067bdd10b9,/mnt/d/VLA/msc26-vla/runs/pilot-telemetry-accounting-preflight-20260824/resolved_config.json
Static-H20,2,1002,2,,,,,,,,,,,not_started_dry_run,cbc2cc3fdb4cf25309d3f67d5b7a04067bdd10b9,/mnt/d/VLA/msc26-vla/runs/pilot-telemetry-accounting-preflight-20260824/resolved_config.json
Static-H20,2,1003,3,,,,,,,,,,,not_started_dry_run,cbc2cc3fdb4cf25309d3f67d5b7a04067bdd10b9,/mnt/d/VLA/msc26-vla/runs/pilot-telemetry-accounting-preflight-20260824/resolved_config.json
Static-H20,2,1004,4,,,,,,,,,,,not_started_dry_run,cbc2cc3fdb4cf25309d3f67d5b7a04067bdd10b9,/mnt/d/VLA/msc26-vla/runs/pilot-telemetry-accounting-preflight-20260824/resolved_config.json
Static-H20,3,1000,0,False,,280,67.23289862999809,14,8.652541698997084,109,109,0,20.0,max_steps,cbc2cc3fdb4cf25309d3f67d5b7a04067bdd10b9,/mnt/d/VLA/msc26-vla/runs/pilot-telemetry-accounting-preflight-20260824/resolved_config.json
Static-H20,3,1001,1,,,,,,,,,,,not_started_dry_run,cbc2cc3fdb4cf25309d3f67d5b7a04067bdd10b9,/mnt/d/VLA/msc26-vla/runs/pilot-telemetry-accounting-preflight-20260824/resolved_config.json
Static-H20,3,1002,2,,,,,,,,,,,not_started_dry_run,cbc2cc3fdb4cf25309d3f67d5b7a04067bdd10b9,/mnt/d/VLA/msc26-vla/runs/pilot-telemetry-accounting-preflight-20260824/resolved_config.json
Static-H20,3,1003,3,,,,,,,,,,,not_started_dry_run,cbc2cc3fdb4cf25309d3f67d5b7a04067bdd10b9,/mnt/d/VLA/msc26-vla/runs/pilot-telemetry-accounting-preflight-20260824/resolved_config.json
Static-H20,3,1004,4,,,,,,,,,,,not_started_dry_run,cbc2cc3fdb4cf25309d3f67d5b7a04067bdd10b9,/mnt/d/VLA/msc26-vla/runs/pilot-telemetry-accounting-preflight-20260824/resolved_config.json
Static-H20,4,1000,0,False,,280,61.783220154000446,14,8.258057624996582,125,125,0,20.0,max_steps,cbc2cc3fdb4cf25309d3f67d5b7a04067bdd10b9,/mnt/d/VLA/msc26-vla/runs/pilot-telemetry-accounting-preflight-20260824/resolved_config.json
Static-H20,4,1001,1,,,,,,,,,,,not_started_dry_run,cbc2cc3fdb4cf25309d3f67d5b7a04067bdd10b9,/mnt/d/VLA/msc26-vla/runs/pilot-telemetry-accounting-preflight-20260824/resolved_config.json
Static-H20,4,1002,2,,,,,,,,,,,not_started_dry_run,cbc2cc3fdb4cf25309d3f67d5b7a04067bdd10b9,/mnt/d/VLA/msc26-vla/runs/pilot-telemetry-accounting-preflight-20260824/resolved_config.json
Static-H20,4,1003,3,,,,,,,,,,,not_started_dry_run,cbc2cc3fdb4cf25309d3f67d5b7a04067bdd10b9,/mnt/d/VLA/msc26-vla/runs/pilot-telemetry-accounting-preflight-20260824/resolved_config.json
Static-H20,4,1004,4,,,,,,,,,,,not_started_dry_run,cbc2cc3fdb4cf25309d3f67d5b7a04067bdd10b9,/mnt/d/VLA/msc26-vla/runs/pilot-telemetry-accounting-preflight-20260824/resolved_config.json
Static-H20,5,1000,0,False,,280,66.52961041300296,14,8.304953016981017,98,98,0,20.0,max_steps,cbc2cc3fdb4cf25309d3f67d5b7a04067bdd10b9,/mnt/d/VLA/msc26-vla/runs/pilot-telemetry-accounting-preflight-20260824/resolved_config.json
Static-H20,5,1001,1,,,,,,,,,,,not_started_dry_run,cbc2cc3fdb4cf25309d3f67d5b7a04067bdd10b9,/mnt/d/VLA/msc26-vla/runs/pilot-telemetry-accounting-preflight-20260824/resolved_config.json
Static-H20,5,1002,2,,,,,,,,,,,not_started_dry_run,cbc2cc3fdb4cf25309d3f67d5b7a04067bdd10b9,/mnt/d/VLA/msc26-vla/runs/pilot-telemetry-accounting-preflight-20260824/resolved_config.json
Static-H20,5,1003,3,,,,,,,,,,,not_started_dry_run,cbc2cc3fdb4cf25309d3f67d5b7a04067bdd10b9,/mnt/d/VLA/msc26-vla/runs/pilot-telemetry-accounting-preflight-20260824/resolved_config.json
Static-H20,5,1004,4,,,,,,,,,,,not_started_dry_run,cbc2cc3fdb4cf25309d3f67d5b7a04067bdd10b9,/mnt/d/VLA/msc26-vla/runs/pilot-telemetry-accounting-preflight-20260824/resolved_config.json
Static-H20,6,1000,0,False,,280,64.77481462900323,14,8.127091777969326,121,121,0,20.0,max_steps,cbc2cc3fdb4cf25309d3f67d5b7a04067bdd10b9,/mnt/d/VLA/msc26-vla/runs/pilot-telemetry-accounting-preflight-20260824/resolved_config.json
Static-H20,6,1001,1,,,,,,,,,,,not_started_dry_run,cbc2cc3fdb4cf25309d3f67d5b7a04067bdd10b9,/mnt/d/VLA/msc26-vla/runs/pilot-telemetry-accounting-preflight-20260824/resolved_config.json
Static-H20,6,1002,2,,,,,,,,,,,not_started_dry_run,cbc2cc3fdb4cf25309d3f67d5b7a04067bdd10b9,/mnt/d/VLA/msc26-vla/runs/pilot-telemetry-accounting-preflight-20260824/resolved_config.json
Static-H20,6,1003,3,,,,,,,,,,,not_started_dry_run,cbc2cc3fdb4cf25309d3f67d5b7a04067bdd10b9,/mnt/d/VLA/msc26-vla/runs/pilot-telemetry-accounting-preflight-20260824/resolved_config.json
Static-H20,6,1004,4,,,,,,,,,,,not_started_dry_run,cbc2cc3fdb4cf25309d3f67d5b7a04067bdd10b9,/mnt/d/VLA/msc26-vla/runs/pilot-telemetry-accounting-preflight-20260824/resolved_config.json
Static-H20,7,1000,0,False,,280,66.87690581499919,14,9.007336648995988,82,82,0,20.0,max_steps,cbc2cc3fdb4cf25309d3f67d5b7a04067bdd10b9,/mnt/d/VLA/msc26-vla/runs/pilot-telemetry-accounting-preflight-20260824/resolved_config.json
Static-H20,7,1001,1,,,,,,,,,,,not_started_dry_run,cbc2cc3fdb4cf25309d3f67d5b7a04067bdd10b9,/mnt/d/VLA/msc26-vla/runs/pilot-telemetry-accounting-preflight-20260824/resolved_config.json
Static-H20,7,1002,2,,,,,,,,,,,not_started_dry_run,cbc2cc3fdb4cf25309d3f67d5b7a04067bdd10b9,/mnt/d/VLA/msc26-vla/runs/pilot-telemetry-accounting-preflight-20260824/resolved_config.json
Static-H20,7,1003,3,,,,,,,,,,,not_started_dry_run,cbc2cc3fdb4cf25309d3f67d5b7a04067bdd10b9,/mnt/d/VLA/msc26-vla/runs/pilot-telemetry-accounting-preflight-20260824/resolved_config.json
Static-H20,7,1004,4,,,,,,,,,,,not_started_dry_run,cbc2cc3fdb4cf25309d3f67d5b7a04067bdd10b9,/mnt/d/VLA/msc26-vla/runs/pilot-telemetry-accounting-preflight-20260824/resolved_config.json
Static-H20,8,1000,0,False,,280,64.71979157000169,14,8.186377015983453,53,53,0,20.0,max_steps,cbc2cc3fdb4cf25309d3f67d5b7a04067bdd10b9,/mnt/d/VLA/msc26-vla/runs/pilot-telemetry-accounting-preflight-20260824/resolved_config.json
Static-H20,8,1001,1,,,,,,,,,,,not_started_dry_run,cbc2cc3fdb4cf25309d3f67d5b7a04067bdd10b9,/mnt/d/VLA/msc26-vla/runs/pilot-telemetry-accounting-preflight-20260824/resolved_config.json
Static-H20,8,1002,2,,,,,,,,,,,not_started_dry_run,cbc2cc3fdb4cf25309d3f67d5b7a04067bdd10b9,/mnt/d/VLA/msc26-vla/runs/pilot-telemetry-accounting-preflight-20260824/resolved_config.json
Static-H20,8,1003,3,,,,,,,,,,,not_started_dry_run,cbc2cc3fdb4cf25309d3f67d5b7a04067bdd10b9,/mnt/d/VLA/msc26-vla/runs/pilot-telemetry-accounting-preflight-20260824/resolved_config.json
Static-H20,8,1004,4,,,,,,,,,,,not_started_dry_run,cbc2cc3fdb4cf25309d3f67d5b7a04067bdd10b9,/mnt/d/VLA/msc26-vla/runs/pilot-telemetry-accounting-preflight-20260824/resolved_config.json
Static-H20,9,1000,0,False,,280,63.18332626899792,14,8.408349662007822,83,83,0,20.0,max_steps,cbc2cc3fdb4cf25309d3f67d5b7a04067bdd10b9,/mnt/d/VLA/msc26-vla/runs/pilot-telemetry-accounting-preflight-20260824/resolved_config.json
Static-H20,9,1001,1,,,,,,,,,,,not_started_dry_run,cbc2cc3fdb4cf25309d3f67d5b7a04067bdd10b9,/mnt/d/VLA/msc26-vla/runs/pilot-telemetry-accounting-preflight-20260824/resolved_config.json
Static-H20,9,1002,2,,,,,,,,,,,not_started_dry_run,cbc2cc3fdb4cf25309d3f67d5b7a04067bdd10b9,/mnt/d/VLA/msc26-vla/runs/pilot-telemetry-accounting-preflight-20260824/resolved_config.json
Static-H20,9,1003,3,,,,,,,,,,,not_started_dry_run,cbc2cc3fdb4cf25309d3f67d5b7a04067bdd10b9,/mnt/d/VLA/msc26-vla/runs/pilot-telemetry-accounting-preflight-20260824/resolved_config.json
Static-H20,9,1004,4,,,,,,,,,,,not_started_dry_run,cbc2cc3fdb4cf25309d3f67d5b7a04067bdd10b9,/mnt/d/VLA/msc26-vla/runs/pilot-telemetry-accounting-preflight-20260824/resolved_config.json
Static-H50,0,1000,0,False,,280,60.188449909001065,6,3.538559811000596,85,85,0,50.0,max_steps,cbc2cc3fdb4cf25309d3f67d5b7a04067bdd10b9,/mnt/d/VLA/msc26-vla/runs/pilot-telemetry-accounting-preflight-20260824/resolved_config.json
Static-H50,0,1001,1,,,,,,,,,,,not_started_dry_run,cbc2cc3fdb4cf25309d3f67d5b7a04067bdd10b9,/mnt/d/VLA/msc26-vla/runs/pilot-telemetry-accounting-preflight-20260824/resolved_config.json
Static-H50,0,1002,2,,,,,,,,,,,not_started_dry_run,cbc2cc3fdb4cf25309d3f67d5b7a04067bdd10b9,/mnt/d/VLA/msc26-vla/runs/pilot-telemetry-accounting-preflight-20260824/resolved_config.json
Static-H50,0,1003,3,,,,,,,,,,,not_started_dry_run,cbc2cc3fdb4cf25309d3f67d5b7a04067bdd10b9,/mnt/d/VLA/msc26-vla/runs/pilot-telemetry-accounting-preflight-20260824/resolved_config.json
Static-H50,0,1004,4,,,,,,,,,,,not_started_dry_run,cbc2cc3fdb4cf25309d3f67d5b7a04067bdd10b9,/mnt/d/VLA/msc26-vla/runs/pilot-telemetry-accounting-preflight-20260824/resolved_config.json
Static-H50,1,1000,0,False,,280,60.661732630003826,6,4.040072178984701,99,99,0,50.0,max_steps,cbc2cc3fdb4cf25309d3f67d5b7a04067bdd10b9,/mnt/d/VLA/msc26-vla/runs/pilot-telemetry-accounting-preflight-20260824/resolved_config.json
Static-H50,1,1001,1,,,,,,,,,,,not_started_dry_run,cbc2cc3fdb4cf25309d3f67d5b7a04067bdd10b9,/mnt/d/VLA/msc26-vla/runs/pilot-telemetry-accounting-preflight-20260824/resolved_config.json
Static-H50,1,1002,2,,,,,,,,,,,not_started_dry_run,cbc2cc3fdb4cf25309d3f67d5b7a04067bdd10b9,/mnt/d/VLA/msc26-vla/runs/pilot-telemetry-accounting-preflight-20260824/resolved_config.json
Static-H50,1,1003,3,,,,,,,,,,,not_started_dry_run,cbc2cc3fdb4cf25309d3f67d5b7a04067bdd10b9,/mnt/d/VLA/msc26-vla/runs/pilot-telemetry-accounting-preflight-20260824/resolved_config.json
Static-H50,1,1004,4,,,,,,,,,,,not_started_dry_run,cbc2cc3fdb4cf25309d3f67d5b7a04067bdd10b9,/mnt/d/VLA/msc26-vla/runs/pilot-telemetry-accounting-preflight-20260824/resolved_config.json
Static-H50,2,1000,0,False,,280,62.46227348100365,6,4.2447950979913,70,70,0,50.0,max_steps,cbc2cc3fdb4cf25309d3f67d5b7a04067bdd10b9,/mnt/d/VLA/msc26-vla/runs/pilot-telemetry-accounting-preflight-20260824/resolved_config.json
Static-H50,2,1001,1,,,,,,,,,,,not_started_dry_run,cbc2cc3fdb4cf25309d3f67d5b7a04067bdd10b9,/mnt/d/VLA/msc26-vla/runs/pilot-telemetry-accounting-preflight-20260824/resolved_config.json
Static-H50,2,1002,2,,,,,,,,,,,not_started_dry_run,cbc2cc3fdb4cf25309d3f67d5b7a04067bdd10b9,/mnt/d/VLA/msc26-vla/runs/pilot-telemetry-accounting-preflight-20260824/resolved_config.json
Static-H50,2,1003,3,,,,,,,,,,,not_started_dry_run,cbc2cc3fdb4cf25309d3f67d5b7a04067bdd10b9,/mnt/d/VLA/msc26-vla/runs/pilot-telemetry-accounting-preflight-20260824/resolved_config.json
Static-H50,2,1004,4,,,,,,,,,,,not_started_dry_run,cbc2cc3fdb4cf25309d3f67d5b7a04067bdd10b9,/mnt/d/VLA/msc26-vla/runs/pilot-telemetry-accounting-preflight-20260824/resolved_config.json
Static-H50,3,1000,0,False,,280,62.32592404699972,6,4.012035741994623,171,171,0,50.0,max_steps,cbc2cc3fdb4cf25309d3f67d5b7a04067bdd10b9,/mnt/d/VLA/msc26-vla/runs/pilot-telemetry-accounting-preflight-20260824/resolved_config.json
Static-H50,3,1001,1,,,,,,,,,,,not_started_dry_run,cbc2cc3fdb4cf25309d3f67d5b7a04067bdd10b9,/mnt/d/VLA/msc26-vla/runs/pilot-telemetry-accounting-preflight-20260824/resolved_config.json
Static-H50,3,1002,2,,,,,,,,,,,not_started_dry_run,cbc2cc3fdb4cf25309d3f67d5b7a04067bdd10b9,/mnt/d/VLA/msc26-vla/runs/pilot-telemetry-accounting-preflight-20260824/resolved_config.json
Static-H50,3,1003,3,,,,,,,,,,,not_started_dry_run,cbc2cc3fdb4cf25309d3f67d5b7a04067bdd10b9,/mnt/d/VLA/msc26-vla/runs/pilot-telemetry-accounting-preflight-20260824/resolved_config.json
Static-H50,3,1004,4,,,,,,,,,,,not_started_dry_run,cbc2cc3fdb4cf25309d3f67d5b7a04067bdd10b9,/mnt/d/VLA/msc26-vla/runs/pilot-telemetry-accounting-preflight-20260824/resolved_config.json
Static-H50,4,1000,0,False,,280,61.34175728799892,6,3.8512734370087855,135,135,0,50.0,max_steps,cbc2cc3fdb4cf25309d3f67d5b7a04067bdd10b9,/mnt/d/VLA/msc26-vla/runs/pilot-telemetry-accounting-preflight-20260824/resolved_config.json
Static-H50,4,1001,1,,,,,,,,,,,not_started_dry_run,cbc2cc3fdb4cf25309d3f67d5b7a04067bdd10b9,/mnt/d/VLA/msc26-vla/runs/pilot-telemetry-accounting-preflight-20260824/resolved_config.json
Static-H50,4,1002,2,,,,,,,,,,,not_started_dry_run,cbc2cc3fdb4cf25309d3f67d5b7a04067bdd10b9,/mnt/d/VLA/msc26-vla/runs/pilot-telemetry-accounting-preflight-20260824/resolved_config.json
Static-H50,4,1003,3,,,,,,,,,,,not_started_dry_run,cbc2cc3fdb4cf25309d3f67d5b7a04067bdd10b9,/mnt/d/VLA/msc26-vla/runs/pilot-telemetry-accounting-preflight-20260824/resolved_config.json
Static-H50,4,1004,4,,,,,,,,,,,not_started_dry_run,cbc2cc3fdb4cf25309d3f67d5b7a04067bdd10b9,/mnt/d/VLA/msc26-vla/runs/pilot-telemetry-accounting-preflight-20260824/resolved_config.json
Static-H50,5,1000,0,False,,280,68.24393362500268,6,6.341171272004431,138,138,0,50.0,max_steps,cbc2cc3fdb4cf25309d3f67d5b7a04067bdd10b9,/mnt/d/VLA/msc26-vla/runs/pilot-telemetry-accounting-preflight-20260824/resolved_config.json
Static-H50,5,1001,1,,,,,,,,,,,not_started_dry_run,cbc2cc3fdb4cf25309d3f67d5b7a04067bdd10b9,/mnt/d/VLA/msc26-vla/runs/pilot-telemetry-accounting-preflight-20260824/resolved_config.json
Static-H50,5,1002,2,,,,,,,,,,,not_started_dry_run,cbc2cc3fdb4cf25309d3f67d5b7a04067bdd10b9,/mnt/d/VLA/msc26-vla/runs/pilot-telemetry-accounting-preflight-20260824/resolved_config.json
Static-H50,5,1003,3,,,,,,,,,,,not_started_dry_run,cbc2cc3fdb4cf25309d3f67d5b7a04067bdd10b9,/mnt/d/VLA/msc26-vla/runs/pilot-telemetry-accounting-preflight-20260824/resolved_config.json
Static-H50,5,1004,4,,,,,,,,,,,not_started_dry_run,cbc2cc3fdb4cf25309d3f67d5b7a04067bdd10b9,/mnt/d/VLA/msc26-vla/runs/pilot-telemetry-accounting-preflight-20260824/resolved_config.json
Static-H50,6,1000,0,False,,280,60.823808980007016,6,3.89549668100517,74,74,0,50.0,max_steps,cbc2cc3fdb4cf25309d3f67d5b7a04067bdd10b9,/mnt/d/VLA/msc26-vla/runs/pilot-telemetry-accounting-preflight-20260824/resolved_config.json
Static-H50,6,1001,1,,,,,,,,,,,not_started_dry_run,cbc2cc3fdb4cf25309d3f67d5b7a04067bdd10b9,/mnt/d/VLA/msc26-vla/runs/pilot-telemetry-accounting-preflight-20260824/resolved_config.json
Static-H50,6,1002,2,,,,,,,,,,,not_started_dry_run,cbc2cc3fdb4cf25309d3f67d5b7a04067bdd10b9,/mnt/d/VLA/msc26-vla/runs/pilot-telemetry-accounting-preflight-20260824/resolved_config.json
Static-H50,6,1003,3,,,,,,,,,,,not_started_dry_run,cbc2cc3fdb4cf25309d3f67d5b7a04067bdd10b9,/mnt/d/VLA/msc26-vla/runs/pilot-telemetry-accounting-preflight-20260824/resolved_config.json
Static-H50,6,1004,4,,,,,,,,,,,not_started_dry_run,cbc2cc3fdb4cf25309d3f67d5b7a04067bdd10b9,/mnt/d/VLA/msc26-vla/runs/pilot-telemetry-accounting-preflight-20260824/resolved_config.json
Static-H50,7,1000,0,False,,280,62.39498021899635,6,4.861814662996039,81,81,0,50.0,max_steps,cbc2cc3fdb4cf25309d3f67d5b7a04067bdd10b9,/mnt/d/VLA/msc26-vla/runs/pilot-telemetry-accounting-preflight-20260824/resolved_config.json
Static-H50,7,1001,1,,,,,,,,,,,not_started_dry_run,cbc2cc3fdb4cf25309d3f67d5b7a04067bdd10b9,/mnt/d/VLA/msc26-vla/runs/pilot-telemetry-accounting-preflight-20260824/resolved_config.json
Static-H50,7,1002,2,,,,,,,,,,,not_started_dry_run,cbc2cc3fdb4cf25309d3f67d5b7a04067bdd10b9,/mnt/d/VLA/msc26-vla/runs/pilot-telemetry-accounting-preflight-20260824/resolved_config.json
Static-H50,7,1003,3,,,,,,,,,,,not_started_dry_run,cbc2cc3fdb4cf25309d3f67d5b7a04067bdd10b9,/mnt/d/VLA/msc26-vla/runs/pilot-telemetry-accounting-preflight-20260824/resolved_config.json
Static-H50,7,1004,4,,,,,,,,,,,not_started_dry_run,cbc2cc3fdb4cf25309d3f67d5b7a04067bdd10b9,/mnt/d/VLA/msc26-vla/runs/pilot-telemetry-accounting-preflight-20260824/resolved_config.json
Static-H50,8,1000,0,False,,280,65.32949080399703,6,4.903922624005645,117,117,0,50.0,max_steps,cbc2cc3fdb4cf25309d3f67d5b7a04067bdd10b9,/mnt/d/VLA/msc26-vla/runs/pilot-telemetry-accounting-preflight-20260824/resolved_config.json
Static-H50,8,1001,1,,,,,,,,,,,not_started_dry_run,cbc2cc3fdb4cf25309d3f67d5b7a04067bdd10b9,/mnt/d/VLA/msc26-vla/runs/pilot-telemetry-accounting-preflight-20260824/resolved_config.json
Static-H50,8,1002,2,,,,,,,,,,,not_started_dry_run,cbc2cc3fdb4cf25309d3f67d5b7a04067bdd10b9,/mnt/d/VLA/msc26-vla/runs/pilot-telemetry-accounting-preflight-20260824/resolved_config.json
Static-H50,8,1003,3,,,,,,,,,,,not_started_dry_run,cbc2cc3fdb4cf25309d3f67d5b7a04067bdd10b9,/mnt/d/VLA/msc26-vla/runs/pilot-telemetry-accounting-preflight-20260824/resolved_config.json
Static-H50,8,1004,4,,,,,,,,,,,not_started_dry_run,cbc2cc3fdb4cf25309d3f67d5b7a04067bdd10b9,/mnt/d/VLA/msc26-vla/runs/pilot-telemetry-accounting-preflight-20260824/resolved_config.json
Static-H50,9,1000,0,False,,280,61.60907601300278,6,4.19746638298966,46,46,0,50.0,max_steps,cbc2cc3fdb4cf25309d3f67d5b7a04067bdd10b9,/mnt/d/VLA/msc26-vla/runs/pilot-telemetry-accounting-preflight-20260824/resolved_config.json
Static-H50,9,1001,1,,,,,,,,,,,not_started_dry_run,cbc2cc3fdb4cf25309d3f67d5b7a04067bdd10b9,/mnt/d/VLA/msc26-vla/runs/pilot-telemetry-accounting-preflight-20260824/resolved_config.json
Static-H50,9,1002,2,,,,,,,,,,,not_started_dry_run,cbc2cc3fdb4cf25309d3f67d5b7a04067bdd10b9,/mnt/d/VLA/msc26-vla/runs/pilot-telemetry-accounting-preflight-20260824/resolved_config.json
Static-H50,9,1003,3,,,,,,,,,,,not_started_dry_run,cbc2cc3fdb4cf25309d3f67d5b7a04067bdd10b9,/mnt/d/VLA/msc26-vla/runs/pilot-telemetry-accounting-preflight-20260824/resolved_config.json
Static-H50,9,1004,4,,,,,,,,,,,not_started_dry_run,cbc2cc3fdb4cf25309d3f67d5b7a04067bdd10b9,/mnt/d/VLA/msc26-vla/runs/pilot-telemetry-accounting-preflight-20260824/resolved_config.json
Adaptive-H20→H1,0,1000,0,False,,280,80.10919025299518,69,22.69390498195571,37,37,37,17.489285714285714,max_steps,cbc2cc3fdb4cf25309d3f67d5b7a04067bdd10b9,/mnt/d/VLA/msc26-vla/runs/pilot-telemetry-accounting-preflight-20260824/resolved_config.json
Adaptive-H20→H1,0,1001,1,,,,,,,,,,,not_started_dry_run,cbc2cc3fdb4cf25309d3f67d5b7a04067bdd10b9,/mnt/d/VLA/msc26-vla/runs/pilot-telemetry-accounting-preflight-20260824/resolved_config.json
Adaptive-H20→H1,0,1002,2,,,,,,,,,,,not_started_dry_run,cbc2cc3fdb4cf25309d3f67d5b7a04067bdd10b9,/mnt/d/VLA/msc26-vla/runs/pilot-telemetry-accounting-preflight-20260824/resolved_config.json
Adaptive-H20→H1,0,1003,3,,,,,,,,,,,not_started_dry_run,cbc2cc3fdb4cf25309d3f67d5b7a04067bdd10b9,/mnt/d/VLA/msc26-vla/runs/pilot-telemetry-accounting-preflight-20260824/resolved_config.json
Adaptive-H20→H1,0,1004,4,,,,,,,,,,,not_started_dry_run,cbc2cc3fdb4cf25309d3f67d5b7a04067bdd10b9,/mnt/d/VLA/msc26-vla/runs/pilot-telemetry-accounting-preflight-20260824/resolved_config.json
Adaptive-H20→H1,1,1000,0,False,,280,83.09118294999644,77,26.135553391010035,41,41,41,17.21785714285714,max_steps,cbc2cc3fdb4cf25309d3f67d5b7a04067bdd10b9,/mnt/d/VLA/msc26-vla/runs/pilot-telemetry-accounting-preflight-20260824/resolved_config.json
Adaptive-H20→H1,1,1001,1,,,,,,,,,,,not_started_dry_run,cbc2cc3fdb4cf25309d3f67d5b7a04067bdd10b9,/mnt/d/VLA/msc26-vla/runs/pilot-telemetry-accounting-preflight-20260824/resolved_config.json
Adaptive-H20→H1,1,1002,2,,,,,,,,,,,not_started_dry_run,cbc2cc3fdb4cf25309d3f67d5b7a04067bdd10b9,/mnt/d/VLA/msc26-vla/runs/pilot-telemetry-accounting-preflight-20260824/resolved_config.json
Adaptive-H20→H1,1,1003,3,,,,,,,,,,,not_started_dry_run,cbc2cc3fdb4cf25309d3f67d5b7a04067bdd10b9,/mnt/d/VLA/msc26-vla/runs/pilot-telemetry-accounting-preflight-20260824/resolved_config.json
Adaptive-H20→H1,1,1004,4,,,,,,,,,,,not_started_dry_run,cbc2cc3fdb4cf25309d3f67d5b7a04067bdd10b9,/mnt/d/VLA/msc26-vla/runs/pilot-telemetry-accounting-preflight-20260824/resolved_config.json
Adaptive-H20→H1,2,1000,0,False,,280,89.4777793989997,86,30.29166429297038,45,45,45,16.946428571428573,max_steps,cbc2cc3fdb4cf25309d3f67d5b7a04067bdd10b9,/mnt/d/VLA/msc26-vla/runs/pilot-telemetry-accounting-preflight-20260824/resolved_config.json
Adaptive-H20→H1,2,1001,1,,,,,,,,,,,not_started_dry_run,cbc2cc3fdb4cf25309d3f67d5b7a04067bdd10b9,/mnt/d/VLA/msc26-vla/runs/pilot-telemetry-accounting-preflight-20260824/resolved_config.json
Adaptive-H20→H1,2,1002,2,,,,,,,,,,,not_started_dry_run,cbc2cc3fdb4cf25309d3f67d5b7a04067bdd10b9,/mnt/d/VLA/msc26-vla/runs/pilot-telemetry-accounting-preflight-20260824/resolved_config.json
Adaptive-H20→H1,2,1003,3,,,,,,,,,,,not_started_dry_run,cbc2cc3fdb4cf25309d3f67d5b7a04067bdd10b9,/mnt/d/VLA/msc26-vla/runs/pilot-telemetry-accounting-preflight-20260824/resolved_config.json
Adaptive-H20→H1,2,1004,4,,,,,,,,,,,not_started_dry_run,cbc2cc3fdb4cf25309d3f67d5b7a04067bdd10b9,/mnt/d/VLA/msc26-vla/runs/pilot-telemetry-accounting-preflight-20260824/resolved_config.json
Adaptive-H20→H1,3,1000,0,False,,280,85.91881589100376,77,26.115733910002746,38,38,38,17.42142857142857,max_steps,cbc2cc3fdb4cf25309d3f67d5b7a04067bdd10b9,/mnt/d/VLA/msc26-vla/runs/pilot-telemetry-accounting-preflight-20260824/resolved_config.json
Adaptive-H20→H1,3,1001,1,,,,,,,,,,,not_started_dry_run,cbc2cc3fdb4cf25309d3f67d5b7a04067bdd10b9,/mnt/d/VLA/msc26-vla/runs/pilot-telemetry-accounting-preflight-20260824/resolved_config.json
Adaptive-H20→H1,3,1002,2,,,,,,,,,,,not_started_dry_run,cbc2cc3fdb4cf25309d3f67d5b7a04067bdd10b9,/mnt/d/VLA/msc26-vla/runs/pilot-telemetry-accounting-preflight-20260824/resolved_config.json
Adaptive-H20→H1,3,1003,3,,,,,,,,,,,not_started_dry_run,cbc2cc3fdb4cf25309d3f67d5b7a04067bdd10b9,/mnt/d/VLA/msc26-vla/runs/pilot-telemetry-accounting-preflight-20260824/resolved_config.json
Adaptive-H20→H1,3,1004,4,,,,,,,,,,,not_started_dry_run,cbc2cc3fdb4cf25309d3f67d5b7a04067bdd10b9,/mnt/d/VLA/msc26-vla/runs/pilot-telemetry-accounting-preflight-20260824/resolved_config.json
Adaptive-H20→H1,4,1000,0,False,,280,83.87929274399357,97,30.283962275985687,61,61,61,15.860714285714286,max_steps,cbc2cc3fdb4cf25309d3f67d5b7a04067bdd10b9,/mnt/d/VLA/msc26-vla/runs/pilot-telemetry-accounting-preflight-20260824/resolved_config.json
Adaptive-H20→H1,4,1001,1,,,,,,,,,,,not_started_dry_run,cbc2cc3fdb4cf25309d3f67d5b7a04067bdd10b9,/mnt/d/VLA/msc26-vla/runs/pilot-telemetry-accounting-preflight-20260824/resolved_config.json
Adaptive-H20→H1,4,1002,2,,,,,,,,,,,not_started_dry_run,cbc2cc3fdb4cf25309d3f67d5b7a04067bdd10b9,/mnt/d/VLA/msc26-vla/runs/pilot-telemetry-accounting-preflight-20260824/resolved_config.json
Adaptive-H20→H1,4,1003,3,,,,,,,,,,,not_started_dry_run,cbc2cc3fdb4cf25309d3f67d5b7a04067bdd10b9,/mnt/d/VLA/msc26-vla/runs/pilot-telemetry-accounting-preflight-20260824/resolved_config.json
Adaptive-H20→H1,4,1004,4,,,,,,,,,,,not_started_dry_run,cbc2cc3fdb4cf25309d3f67d5b7a04067bdd10b9,/mnt/d/VLA/msc26-vla/runs/pilot-telemetry-accounting-preflight-20260824/resolved_config.json
Adaptive-H20→H1,5,1000,0,False,,280,89.05184754799848,92,29.474618637024832,50,50,50,16.607142857142858,max_steps,cbc2cc3fdb4cf25309d3f67d5b7a04067bdd10b9,/mnt/d/VLA/msc26-vla/runs/pilot-telemetry-accounting-preflight-20260824/resolved_config.json
Adaptive-H20→H1,5,1001,1,,,,,,,,,,,not_started_dry_run,cbc2cc3fdb4cf25309d3f67d5b7a04067bdd10b9,/mnt/d/VLA/msc26-vla/runs/pilot-telemetry-accounting-preflight-20260824/resolved_config.json
Adaptive-H20→H1,5,1002,2,,,,,,,,,,,not_started_dry_run,cbc2cc3fdb4cf25309d3f67d5b7a04067bdd10b9,/mnt/d/VLA/msc26-vla/runs/pilot-telemetry-accounting-preflight-20260824/resolved_config.json
Adaptive-H20→H1,5,1003,3,,,,,,,,,,,not_started_dry_run,cbc2cc3fdb4cf25309d3f67d5b7a04067bdd10b9,/mnt/d/VLA/msc26-vla/runs/pilot-telemetry-accounting-preflight-20260824/resolved_config.json
Adaptive-H20→H1,5,1004,4,,,,,,,,,,,not_started_dry_run,cbc2cc3fdb4cf25309d3f67d5b7a04067bdd10b9,/mnt/d/VLA/msc26-vla/runs/pilot-telemetry-accounting-preflight-20260824/resolved_config.json
Adaptive-H20→H1,6,1000,0,False,,280,103.57249452100223,145,45.50447885401081,106,106,106,12.807142857142857,max_steps,cbc2cc3fdb4cf25309d3f67d5b7a04067bdd10b9,/mnt/d/VLA/msc26-vla/runs/pilot-telemetry-accounting-preflight-20260824/resolved_config.json
Adaptive-H20→H1,6,1001,1,,,,,,,,,,,not_started_dry_run,cbc2cc3fdb4cf25309d3f67d5b7a04067bdd10b9,/mnt/d/VLA/msc26-vla/runs/pilot-telemetry-accounting-preflight-20260824/resolved_config.json
Adaptive-H20→H1,6,1002,2,,,,,,,,,,,not_started_dry_run,cbc2cc3fdb4cf25309d3f67d5b7a04067bdd10b9,/mnt/d/VLA/msc26-vla/runs/pilot-telemetry-accounting-preflight-20260824/resolved_config.json
Adaptive-H20→H1,6,1003,3,,,,,,,,,,,not_started_dry_run,cbc2cc3fdb4cf25309d3f67d5b7a04067bdd10b9,/mnt/d/VLA/msc26-vla/runs/pilot-telemetry-accounting-preflight-20260824/resolved_config.json
Adaptive-H20→H1,6,1004,4,,,,,,,,,,,not_started_dry_run,cbc2cc3fdb4cf25309d3f67d5b7a04067bdd10b9,/mnt/d/VLA/msc26-vla/runs/pilot-telemetry-accounting-preflight-20260824/resolved_config.json
Adaptive-H20→H1,7,1000,0,False,,280,114.24823708100303,158,50.003790698960074,96,96,96,13.485714285714286,max_steps,cbc2cc3fdb4cf25309d3f67d5b7a04067bdd10b9,/mnt/d/VLA/msc26-vla/runs/pilot-telemetry-accounting-preflight-20260824/resolved_config.json
Adaptive-H20→H1,7,1001,1,,,,,,,,,,,not_started_dry_run,cbc2cc3fdb4cf25309d3f67d5b7a04067bdd10b9,/mnt/d/VLA/msc26-vla/runs/pilot-telemetry-accounting-preflight-20260824/resolved_config.json
Adaptive-H20→H1,7,1002,2,,,,,,,,,,,not_started_dry_run,cbc2cc3fdb4cf25309d3f67d5b7a04067bdd10b9,/mnt/d/VLA/msc26-vla/runs/pilot-telemetry-accounting-preflight-20260824/resolved_config.json
Adaptive-H20→H1,7,1003,3,,,,,,,,,,,not_started_dry_run,cbc2cc3fdb4cf25309d3f67d5b7a04067bdd10b9,/mnt/d/VLA/msc26-vla/runs/pilot-telemetry-accounting-preflight-20260824/resolved_config.json
Adaptive-H20→H1,7,1004,4,,,,,,,,,,,not_started_dry_run,cbc2cc3fdb4cf25309d3f67d5b7a04067bdd10b9,/mnt/d/VLA/msc26-vla/runs/pilot-telemetry-accounting-preflight-20260824/resolved_config.json
Adaptive-H20→H1,8,1000,0,False,,280,82.15601527000399,78,25.829085394958383,42,42,42,17.15,max_steps,cbc2cc3fdb4cf25309d3f67d5b7a04067bdd10b9,/mnt/d/VLA/msc26-vla/runs/pilot-telemetry-accounting-preflight-20260824/resolved_config.json
Adaptive-H20→H1,8,1001,1,,,,,,,,,,,not_started_dry_run,cbc2cc3fdb4cf25309d3f67d5b7a04067bdd10b9,/mnt/d/VLA/msc26-vla/runs/pilot-telemetry-accounting-preflight-20260824/resolved_config.json
Adaptive-H20→H1,8,1002,2,,,,,,,,,,,not_started_dry_run,cbc2cc3fdb4cf25309d3f67d5b7a04067bdd10b9,/mnt/d/VLA/msc26-vla/runs/pilot-telemetry-accounting-preflight-20260824/resolved_config.json
Adaptive-H20→H1,8,1003,3,,,,,,,,,,,not_started_dry_run,cbc2cc3fdb4cf25309d3f67d5b7a04067bdd10b9,/mnt/d/VLA/msc26-vla/runs/pilot-telemetry-accounting-preflight-20260824/resolved_config.json
Adaptive-H20→H1,8,1004,4,,,,,,,,,,,not_started_dry_run,cbc2cc3fdb4cf25309d3f67d5b7a04067bdd10b9,/mnt/d/VLA/msc26-vla/runs/pilot-telemetry-accounting-preflight-20260824/resolved_config.json
Adaptive-H20→H1,9,1000,0,False,,280,85.74863514000026,95,30.11943846000213,52,52,52,16.47142857142857,max_steps,cbc2cc3fdb4cf25309d3f67d5b7a04067bdd10b9,/mnt/d/VLA/msc26-vla/runs/pilot-telemetry-accounting-preflight-20260824/resolved_config.json
Adaptive-H20→H1,9,1001,1,,,,,,,,,,,not_started_dry_run,cbc2cc3fdb4cf25309d3f67d5b7a04067bdd10b9,/mnt/d/VLA/msc26-vla/runs/pilot-telemetry-accounting-preflight-20260824/resolved_config.json
Adaptive-H20→H1,9,1002,2,,,,,,,,,,,not_started_dry_run,cbc2cc3fdb4cf25309d3f67d5b7a04067bdd10b9,/mnt/d/VLA/msc26-vla/runs/pilot-telemetry-accounting-preflight-20260824/resolved_config.json
Adaptive-H20→H1,9,1003,3,,,,,,,,,,,not_started_dry_run,cbc2cc3fdb4cf25309d3f67d5b7a04067bdd10b9,/mnt/d/VLA/msc26-vla/runs/pilot-telemetry-accounting-preflight-20260824/resolved_config.json
Adaptive-H20→H1,9,1004,4,,,,,,,,,,,not_started_dry_run,cbc2cc3fdb4cf25309d3f67d5b7a04067bdd10b9,/mnt/d/VLA/msc26-vla/runs/pilot-telemetry-accounting-preflight-20260824/resolved_config.json
